CHAIN,SENDER,ASSETS,LP ($USD)
polygon,0xC7d15f80A49F396e9D5B0c07DB9D727deEaE52fc,0.1940870860270269,212.782953
polygon,0x34bBaEA58d467218C41A61adcC4A54202DF2b691,0.057589539409424519,63.136979
polygon,0xC7d15f80A49F396e9D5B0c07DB9D727deEaE52fc,0.000000000000000011,0.0
polygon,0x34bBaEA58d467218C41A61adcC4A54202DF2b691,0.068483776383588573,75.080627
polygon,0x7fbF7133d58058f9A369Ca0852A627957C63DaB1,0.001721187065528206,1.886984
polygon,0xF6846BD459bF7FB9132c4453206933252A197636,0.003011215683893697,3.301277
polygon,0x34bBaEA58d467218C41A61adcC4A54202DF2b691,0.022878869405999549,25.082727
polygon,0x5161716F02ebDdE4eB8BDcb80994a69b5951a63C,0.006154880074704911,6.747762
polygon,0x34bBaEA58d467218C41A61adcC4A54202DF2b691,0.044200784760717598,48.458522
polygon,0x34bBaEA58d467218C41A61adcC4A54202DF2b691,0.009838402062940702,10.786107
polygon,0x66EC0Da50B1B54A52817417FE1A92dF7A961d149,0.004001488052356683,4.38694
polygon,0x34bBaEA58d467218C41A61adcC4A54202DF2b691,0.024592285556432519,26.961191
polygon,0x34bBaEA58d467218C41A61adcC4A54202DF2b691,0.049780747135913805,54.575987
polygon,0x108706524972d0E44936B34109de5bf18Ed60c67,0.000000008132300205,0.000008
polygon,0x4A228f14d2130E8E4636418B52aAF3D6b4E887D3,0.000007525774884848,0.00825
polygon,0x831Db56a947c2A680A0Ac4700A87f98Db32328D8,0.000003839665645824,0.004209
polygon,0xdAc7a91516112703448B5d1fbC8B679fcE838E8A,0.000007418293654615,0.008132
polygon,0x2446f1a75162F045d02F23D1D3b0F5A2C0f9A4cB,0.00000070297895261,0.00077
polygon,0xa9E14C1DF751dC3E710fCB3A92019667ae7fCF2D,0.00000125,0.00137
polygon,0x34bBaEA58d467218C41A61adcC4A54202DF2b691,0.040374921794089148,44.264125
polygon,0x605203FA80FB81b3AcdCa5b26fA7cBC8F9CaCFcE,0.00047774430727545,0.523764
polygon,0x2c135D9a00Ad4D9465c7d6943484DFD2BD3924bB,0.000006360480034079,0.006973
polygon,0x85b3F50e9d3e902123fa6D3469511029bE7C51F2,0.013524717761482006,14.827516
polygon,0x465E334962AD570f84ebF07fB45D7871E132bA65,0.0000001,0.000109
polygon,0xcC6cEaF8C8A3E55Da475Dd043A846520676Fc7E9,0.000360943768901053,0.395712
polygon,0x344E832F4C8F7E5B25007dc8061a4Ffa030D8103,0.00001,0.010963
polygon,0x344E832F4C8F7E5B25007dc8061a4Ffa030D8103,0.000010843047723145,0.011887
polygon,0x83Fa8511368E9688DB03dcc131066eCafEA479A3,0.000003137033157869,0.003439
polygon,0x3953EdC69Bfad109C8B6A94070Adb327CBe40F07,0.000012054287016873,0.013215
polygon,0x66e655f74887E50d2FFca66bDB48e1815D41e7EF,0.001101822839861359,1.207958
polygon,0xecAC3e236894E72b43a67A7331111252B7Dd88eB,0.000791834490446548,0.868109
polygon,0x035f23Cf31b863F8370A865e3D6442257C582887,0.028772033929465946,0.11449
polygon,0xC7d15f80A49F396e9D5B0c07DB9D727deEaE52fc,85.351157657604741991,339.631887
polygon,0x90e9Ecc016A6971Cd28ceE85C53e72517A451a38,50.0,198.9615
polygon,0x34bBaEA58d467218C41A61adcC4A54202DF2b691,24.004058792880902302,95.51767
polygon,0x34bBaEA58d467218C41A61adcC4A54202DF2b691,79.764240988676167636,317.40026
polygon,0x34bBaEA58d467218C41A61adcC4A54202DF2b691,0.159926694411205034,0.636385
polygon,0x035f23Cf31b863F8370A865e3D6442257C582887,5.000323957546092742,19.897439
polygon,0x34bBaEA58d467218C41A61adcC4A54202DF2b691,13.119357885351738821,52.204942
polygon,0x34bBaEA58d467218C41A61adcC4A54202DF2b691,11.936821051967783131,47.499356
polygon,0x34bBaEA58d467218C41A61adcC4A54202DF2b691,15.842146448657583596,63.039544
polygon,0x34bBaEA58d467218C41A61adcC4A54202DF2b691,105.755224233420572465,420.82436
polygon,0x34bBaEA58d467218C41A61adcC4A54202DF2b691,13.226384737770049652,52.630826
polygon,0x34bBaEA58d467218C41A61adcC4A54202DF2b691,8.414561114483325787,33.483474
polygon,0x34bBaEA58d467218C41A61adcC4A54202DF2b691,1.788178434072977362,7.115573
polygon,0x34bBaEA58d467218C41A61adcC4A54202DF2b691,23.310148456503051713,92.756442
polygon,0x34bBaEA58d467218C41A61adcC4A54202DF2b691,41.85282691271533323,166.542024
polygon,0x34bBaEA58d467218C41A61adcC4A54202DF2b691,7.681137083047776066,30.565011
polygon,0x34bBaEA58d467218C41A61adcC4A54202DF2b691,3.796441914477273451,15.106915
polygon,0x34bBaEA58d467218C41A61adcC4A54202DF2b691,7.351168360225222665,29.251989
polygon,0x4A228f14d2130E8E4636418B52aAF3D6b4E887D3,0.000011141072059215,0.000044
polygon,0x108706524972d0E44936B34109de5bf18Ed60c67,0.000011141072321622,0.000044
polygon,0x831Db56a947c2A680A0Ac4700A87f98Db32328D8,0.000001113226028802,0.000004
polygon,0x2446f1a75162F045d02F23D1D3b0F5A2C0f9A4cB,0.005521196465867089,0.02197
polygon,0x34bBaEA58d467218C41A61adcC4A54202DF2b691,0.01445997291111166,0.057539
polygon,0xdAc7a91516112703448B5d1fbC8B679fcE838E8A,0.011350891944917354,0.045167
polygon,0x605203FA80FB81b3AcdCa5b26fA7cBC8F9CaCFcE,0.20989227472247792,0.835209
polygon,0x04E09A7992Ef93349A01a333196dE7f39822a03C,0.005031465103693463,0.020021
polygon,0x04E09A7992Ef93349A01a333196dE7f39822a03C,0.007547197655540196,0.030032
polygon,0xBEB01AAb5167402a5e89D057a714FabfF94C3112,0.141975275830165143,0.564952
polygon,0x21D90E6F18f3848d9e45F34BdB4dfdde3FA09D1a,0.153547649514847367,0.611001
polygon,0xd8c31BfE46800DCE48e0372C77A637b945060310,0.000142014918479642,0.000565
polygon,0x21D90E6F18f3848d9e45F34BdB4dfdde3FA09D1a,0.000000000000000009,0.0
polygon,0x21D90E6F18f3848d9e45F34BdB4dfdde3FA09D1a,0.310609048116821203,1.235984
polygon,0x01b7D2F271fA4fEF54d47b3b58FbC0dB41D800eB,7.376595674723472632,29.35317
polygon,0x34bBaEA58d467218C41A61adcC4A54202DF2b691,29.87213102422489609,118.868079
polygon,0x90e9Ecc016A6971Cd28ceE85C53e72517A451a38,0.016169104123848914,56.807989
polygon,0xC7d15f80A49F396e9D5B0c07DB9D727deEaE52fc,0.004841562727199095,17.010184
polygon,0x34bBaEA58d467218C41A61adcC4A54202DF2b691,0.025394711147748025,89.220928
polygon,0x34bBaEA58d467218C41A61adcC4A54202DF2b691,0.020539844268057399,72.164001
polygon,0x6FeF8A579fD2ab7Db03dB9d27E6E5aB2422829e1,0.003655210893778276,12.842095
polygon,0x34bBaEA58d467218C41A61adcC4A54202DF2b691,0.02379435899150419,83.598304
polygon,0x34bBaEA58d467218C41A61adcC4A54202DF2b691,0.069047959104347425,242.590789
polygon,0x34bBaEA58d467218C41A61adcC4A54202DF2b691,0.01377883715118403,48.410105
polygon,0x34bBaEA58d467218C41A61adcC4A54202DF2b691,0.018138415416537802,63.726901
polygon,0x34bBaEA58d467218C41A61adcC4A54202DF2b691,0.021032633385924987,73.89535
polygon,0x34bBaEA58d467218C41A61adcC4A54202DF2b691,0.023171326405162993,81.409362
polygon,0xB654Bec62d09b25CcA5B3AF8F72688F7bE3a0Ba7,0.003009541837943249,10.573623
polygon,0x34bBaEA58d467218C41A61adcC4A54202DF2b691,0.02504136448805547,87.979492
polygon,0x4A228f14d2130E8E4636418B52aAF3D6b4E887D3,0.000001704169116084,0.005987
polygon,0x108706524972d0E44936B34109de5bf18Ed60c67,0.000100073284321818,0.351594
polygon,0x108706524972d0E44936B34109de5bf18Ed60c67,0.000100073284321817,0.351594
polygon,0x2446f1a75162F045d02F23D1D3b0F5A2C0f9A4cB,0.000011410598439408,0.040089
polygon,0xa9E14C1DF751dC3E710fCB3A92019667ae7fCF2D,0.00000025,0.000878
polygon,0xdAc7a91516112703448B5d1fbC8B679fcE838E8A,0.000011453432702776,0.04024
polygon,0x5161716F02ebDdE4eB8BDcb80994a69b5951a63C,0.064061248318267067,55.049133
polygon,0x5161716F02ebDdE4eB8BDcb80994a69b5951a63C,0.000000000000000003,0.0
polygon,0xAaF79B2956080cdfb589216db4f3cfb5c3A33A59,0.025000000000000014,21.483008
polygon,0x34bBaEA58d467218C41A61adcC4A54202DF2b691,0.132858112723875317,114.167678
polygon,0x34bBaEA58d467218C41A61adcC4A54202DF2b691,0.126599754323433061,108.789743
polygon,0x035f23Cf31b863F8370A865e3D6442257C582887,0.02500239097104899,21.485063
polygon,0x34bBaEA58d467218C41A61adcC4A54202DF2b691,0.042943338899975656,36.902084
polygon,0x34bBaEA58d467218C41A61adcC4A54202DF2b691,0.166572353147178896,143.13901
polygon,0x34bBaEA58d467218C41A61adcC4A54202DF2b691,0.069447528128848201,59.677673
polygon,0x34bBaEA58d467218C41A61adcC4A54202DF2b691,0.044885777388727511,38.571261
polygon,0xAaF79B2956080cdfb589216db4f3cfb5c3A33A59,0.187875970358529235,161.445642
polygon,0x34bBaEA58d467218C41A61adcC4A54202DF2b691,0.086968978914611921,74.734212
polygon,0x34bBaEA58d467218C41A61adcC4A54202DF2b691,0.086549891616453671,74.374082
polygon,0x34bBaEA58d467218C41A61adcC4A54202DF2b691,0.069499071901410465,59.721965
polygon,0x34bBaEA58d467218C41A61adcC4A54202DF2b691,0.195188244367523449,167.729228
polygon,0x34bBaEA58d467218C41A61adcC4A54202DF2b691,0.064530171450392796,55.452088
polygon,0x66EC0Da50B1B54A52817417FE1A92dF7A961d149,0.035047051119317167,30.116643
polygon,0xb0C3996E6DE3CD92201Fb1a59e6730b0e9Ba5a6e,0.014999999999999999,12.889805
polygon,0x34bBaEA58d467218C41A61adcC4A54202DF2b691,0.065081001136154313,55.925427
polygon,0x34bBaEA58d467218C41A61adcC4A54202DF2b691,0.085674902718063676,73.622186
polygon,0x34bBaEA58d467218C41A61adcC4A54202DF2b691,0.030818175160382357,26.482684
polygon,0x34bBaEA58d467218C41A61adcC4A54202DF2b691,0.021013243962867511,18.057107
polygon,0x34bBaEA58d467218C41A61adcC4A54202DF2b691,0.039134892297867016,33.629408
polygon,0x34bBaEA58d467218C41A61adcC4A54202DF2b691,0.060706172112352666,52.166048
polygon,0x34bBaEA58d467218C41A61adcC4A54202DF2b691,0.041964653190656044,36.061079
polygon,0x34bBaEA58d467218C41A61adcC4A54202DF2b691,0.056987468997373746,48.970491
polygon,0xF6846BD459bF7FB9132c4453206933252A197636,0.010011607306855968,8.603177
polygon,0x34bBaEA58d467218C41A61adcC4A54202DF2b691,0.020806650051828766,17.879577
polygon,0x34bBaEA58d467218C41A61adcC4A54202DF2b691,0.195097540416967245,167.651284
polygon,0x34bBaEA58d467218C41A61adcC4A54202DF2b691,0.034925197400563411,30.011932
polygon,0x34bBaEA58d467218C41A61adcC4A54202DF2b691,0.033073524714354447,28.420752
polygon,0x34bBaEA58d467218C41A61adcC4A54202DF2b691,0.036384947808362203,31.266325
polygon,0x34bBaEA58d467218C41A61adcC4A54202DF2b691,0.027896247239647276,23.971812
polygon,0x34bBaEA58d467218C41A61adcC4A54202DF2b691,0.020746632273809141,17.828003
polygon,0x34bBaEA58d467218C41A61adcC4A54202DF2b691,0.010998161855802551,9.450944
polygon,0x34bBaEA58d467218C41A61adcC4A54202DF2b691,0.038263225631334281,32.880367
polygon,0x34bBaEA58d467218C41A61adcC4A54202DF2b691,0.093067414239157077,79.974721
polygon,0x34bBaEA58d467218C41A61adcC4A54202DF2b691,0.038119426200313925,32.756798
polygon,0x34bBaEA58d467218C41A61adcC4A54202DF2b691,0.054146481363040056,46.529172
polygon,0x34bBaEA58d467218C41A61adcC4A54202DF2b691,0.047521307186141718,40.836025
polygon,0x34bBaEA58d467218C41A61adcC4A54202DF2b691,0.042779617483382054,36.761395
polygon,0x34bBaEA58d467218C41A61adcC4A54202DF2b691,0.18004227485234217,154.713988
polygon,0x34bBaEA58d467218C41A61adcC4A54202DF2b691,0.026979382345072916,23.183931
polygon,0x34bBaEA58d467218C41A61adcC4A54202DF2b691,0.066013306573902304,56.726576
polygon,0xB654Bec62d09b25CcA5B3AF8F72688F7bE3a0Ba7,0.004599424018587154,3.952378
polygon,0x34bBaEA58d467218C41A61adcC4A54202DF2b691,0.036172174167604743,31.083484
polygon,0x34bBaEA58d467218C41A61adcC4A54202DF2b691,0.058907939971881123,50.62079
polygon,0x34bBaEA58d467218C41A61adcC4A54202DF2b691,0.048013548782657503,41.259018
polygon,0x34bBaEA58d467218C41A61adcC4A54202DF2b691,0.089172083857069151,76.627385
polygon,0x4A228f14d2130E8E4636418B52aAF3D6b4E887D3,0.000000375845062373,0.000322
polygon,0x831Db56a947c2A680A0Ac4700A87f98Db32328D8,0.000000033137386223,0.000028
polygon,0x34bBaEA58d467218C41A61adcC4A54202DF2b691,0.173315394984269209,148.933443
polygon,0x2446f1a75162F045d02F23D1D3b0F5A2C0f9A4cB,0.000006486083878823,0.005573
polygon,0xdAc7a91516112703448B5d1fbC8B679fcE838E8A,0.000240183100007841,0.206394
polygon,0x34bBaEA58d467218C41A61adcC4A54202DF2b691,0.011182387730563593,9.609253
polygon,0x19A313d0D3eF1Cd269817aE4f943DFf55CfF2568,0.001013017120394459,0.870506
polygon,0x34bBaEA58d467218C41A61adcC4A54202DF2b691,0.005496682945739009,4.723411
polygon,0xeeB8C77C1B2a69040a3578925ce1d6b0Cf2b1Abd,0.000297889253492327,0.255982
polygon,0x34bBaEA58d467218C41A61adcC4A54202DF2b691,0.01316985807220385,11.317126
polygon,0x34bBaEA58d467218C41A61adcC4A54202DF2b691,0.07388953946842213,63.494784
polygon,0x34bBaEA58d467218C41A61adcC4A54202DF2b691,0.044120250013790475,37.913428
polygon,0x34bBaEA58d467218C41A61adcC4A54202DF2b691,0.182240777288825077,156.603206
polygon,0x34bBaEA58d467218C41A61adcC4A54202DF2b691,0.011722228492058198,10.073149
polygon,0x34bBaEA58d467218C41A61adcC4A54202DF2b691,0.285198731885309487,245.07707
polygon,0xAaF79B2956080cdfb589216db4f3cfb5c3A33A59,0.000000000216746229,76.053366
polygon,0x34bBaEA58d467218C41A61adcC4A54202DF2b691,0.000000000117890832,41.366323
polygon,0x34bBaEA58d467218C41A61adcC4A54202DF2b691,0.000000000165879722,58.204986
polygon,0x34bBaEA58d467218C41A61adcC4A54202DF2b691,0.000000000166703506,58.494041
polygon,0x34bBaEA58d467218C41A61adcC4A54202DF2b691,0.00000000018135862,63.636325
polygon,0x34bBaEA58d467218C41A61adcC4A54202DF2b691,0.000000000097869491,34.341101
polygon,0x34bBaEA58d467218C41A61adcC4A54202DF2b691,0.000000000169826918,59.590005
polygon,0x34bBaEA58d467218C41A61adcC4A54202DF2b691,0.000000000086409054,30.319786
polygon,0x66EC0Da50B1B54A52817417FE1A92dF7A961d149,0.000000000018057418,6.336107
polygon,0x34bBaEA58d467218C41A61adcC4A54202DF2b691,0.000000000163268515,57.288748
polygon,0x34bBaEA58d467218C41A61adcC4A54202DF2b691,0.000000000201743145,70.788984
polygon,0x34bBaEA58d467218C41A61adcC4A54202DF2b691,0.000000000100440491,35.243231
polygon,0x34bBaEA58d467218C41A61adcC4A54202DF2b691,0.000000000055812039,19.583701
polygon,0x34bBaEA58d467218C41A61adcC4A54202DF2b691,0.000000000200751978,70.441197
polygon,0x34bBaEA58d467218C41A61adcC4A54202DF2b691,0.000000000196543436,68.964475
polygon,0x34bBaEA58d467218C41A61adcC4A54202DF2b691,0.000000000053544016,18.787882
polygon,0x34bBaEA58d467218C41A61adcC4A54202DF2b691,0.000000000097541734,34.226096
polygon,0x34bBaEA58d467218C41A61adcC4A54202DF2b691,0.000000000073247793,25.701675
polygon,0x19A313d0D3eF1Cd269817aE4f943DFf55CfF2568,0.000000000019495459,6.840697
polygon,0x19A313d0D3eF1Cd269817aE4f943DFf55CfF2568,0.000000000019495459,6.840697
polygon,0x19A313d0D3eF1Cd269817aE4f943DFf55CfF2568,0.000000000019495458,6.840696
polygon,0x19A313d0D3eF1Cd269817aE4f943DFf55CfF2568,0.000000000019495458,6.840696
polygon,0x34bBaEA58d467218C41A61adcC4A54202DF2b691,0.000000000139209169,48.846644
polygon,0x4A228f14d2130E8E4636418B52aAF3D6b4E887D3,0.000000000000000267,0.000093
polygon,0x831Db56a947c2A680A0Ac4700A87f98Db32328D8,0.000000000000074616,0.026181
polygon,0x34bBaEA58d467218C41A61adcC4A54202DF2b691,0.000000000190822663,66.957132
polygon,0xB7249313d22590f7d336Fb256cae48eB96bb1547,0.000000000010464947,3.67201
polygon,0x34bBaEA58d467218C41A61adcC4A54202DF2b691,0.000000000029352377,10.299358
polygon,0x34bBaEA58d467218C41A61adcC4A54202DF2b691,0.000000000039005973,13.686676
polygon,0x24840a0fea77451054BA076DB3cA708A3A5b7b77,0.000000000005113482,1.794252
polygon,0x34bBaEA58d467218C41A61adcC4A54202DF2b691,0.000000000003701118,1.298673
polygon,0x24840a0fea77451054BA076DB3cA708A3A5b7b77,0.000000000054196325,19.016769
polygon,0x34bBaEA58d467218C41A61adcC4A54202DF2b691,0.000000000036818641,12.919171
polygon,0xa9E14C1DF751dC3E710fCB3A92019667ae7fCF2D,0.0000000000000025,0.000877
polygon,0x2446f1a75162F045d02F23D1D3b0F5A2C0f9A4cB,0.000000000000027699,0.009719
polygon,0x24840a0fea77451054BA076DB3cA708A3A5b7b77,0.000000000066271428,23.253762
polygon,0x34bBaEA58d467218C41A61adcC4A54202DF2b691,0.000000000155707163,54.635571
polygon,0xdAc7a91516112703448B5d1fbC8B679fcE838E8A,0.000000000000035126,0.012325
polygon,0x605203FA80FB81b3AcdCa5b26fA7cBC8F9CaCFcE,0.000000000000516541,0.181247
polygon,0x19A313d0D3eF1Cd269817aE4f943DFf55CfF2568,0.000000000019495458,6.840696
polygon,0x6221a329003378e65FB475213d1E5F2a1109e211,0.000000000000327923,0.115063
polygon,0x87d9c50B3E774536250f1ABa2Ab38c54268a18d8,0.000000000000013621,0.004779
polygon,0x4AA92b19b50b1b27daA72a6F9F463F582babAD82,0.000000000000152182,0.053398
polygon,0xd5E6a760bc7a67c956F469E963ED0BE910d81e06,0.000000000001103876,0.387335
polygon,0x8631A2Ea6Da6A97a886563b9414ba2098bDb66e5,0.000000000000000007,0.000002
polygon,0xb3De3b6Ac5F8e7b41B834C1509fdd0E56887C9B0,0.000000000000458289,0.160807
polygon,0x56D30a6B07f1A9a94a6AA523A70A98A97627cCE4,0.000000000000000056,0.000019
polygon,0x34bBaEA58d467218C41A61adcC4A54202DF2b691,0.000000000083813845,29.409162
polygon,0x34bBaEA58d467218C41A61adcC4A54202DF2b691,0.000000000103567709,36.34053
polygon,0x34bBaEA58d467218C41A61adcC4A54202DF2b691,0.000000000155135356,54.434931
polygon,0x34bBaEA58d467218C41A61adcC4A54202DF2b691,0.000000000063235045,22.188335
polygon,0xDf3e23824C6b35Fc005dB2951396669e48bee106,0.000000000021446727,7.525371
polygon,0xAaF79B2956080cdfb589216db4f3cfb5c3A33A59,0.049771868505423526,113.69588
polygon,0xAaF79B2956080cdfb589216db4f3cfb5c3A33A59,0.000000000000000003,0.0
polygon,0x34bBaEA58d467218C41A61adcC4A54202DF2b691,0.015602700284866082,35.641875
polygon,0x4A228f14d2130E8E4636418B52aAF3D6b4E887D3,0.000000068873514914,0.000157
polygon,0x4A228f14d2130E8E4636418B52aAF3D6b4E887D3,0.000000022957838305,0.000052
polygon,0x831Db56a947c2A680A0Ac4700A87f98Db32328D8,0.000005846975625536,0.013356
polygon,0xa9E14C1DF751dC3E710fCB3A92019667ae7fCF2D,0.000000242532811013,0.000554
polygon,0x2446f1a75162F045d02F23D1D3b0F5A2C0f9A4cB,0.000001322926490783,0.003022
polygon,0xdAc7a91516112703448B5d1fbC8B679fcE838E8A,0.000012173623407466,0.027808
polygon,0x34bBaEA58d467218C41A61adcC4A54202DF2b691,0.062147459246747068,141.96594
polygon,0xb0C3996E6DE3CD92201Fb1a59e6730b0e9Ba5a6e,1.641458202147348018,12.137298
polygon,0x34bBaEA58d467218C41A61adcC4A54202DF2b691,4.014424316160288654,29.683524
polygon,0x34bBaEA58d467218C41A61adcC4A54202DF2b691,3.850998536870610594,28.475118
polygon,0xAaF79B2956080cdfb589216db4f3cfb5c3A33A59,5.844811887229530711,43.217807
polygon,0xAaF79B2956080cdfb589216db4f3cfb5c3A33A59,0.000000000000000178,0.0
polygon,0x34bBaEA58d467218C41A61adcC4A54202DF2b691,24.991748768169829354,184.794413
polygon,0x34bBaEA58d467218C41A61adcC4A54202DF2b691,3.812000890368279182,28.186761
polygon,0x34bBaEA58d467218C41A61adcC4A54202DF2b691,6.372559516964551589,47.120087
polygon,0x34bBaEA58d467218C41A61adcC4A54202DF2b691,4.563083353211605346,33.740428
polygon,0x34bBaEA58d467218C41A61adcC4A54202DF2b691,10.236100144318292047,75.687945
polygon,0x34bBaEA58d467218C41A61adcC4A54202DF2b691,7.722804770924654587,57.104094
polygon,0x34bBaEA58d467218C41A61adcC4A54202DF2b691,3.630437915715558396,26.844245
polygon,0x34bBaEA58d467218C41A61adcC4A54202DF2b691,1.653776699851318003,12.228383
polygon,0x34bBaEA58d467218C41A61adcC4A54202DF2b691,2.723261721757974991,20.136388
polygon,0x34bBaEA58d467218C41A61adcC4A54202DF2b691,2.550858668422108286,18.861602
polygon,0x34bBaEA58d467218C41A61adcC4A54202DF2b691,1.270899859041948232,9.397309
polygon,0xC7d15f80A49F396e9D5B0c07DB9D727deEaE52fc,0.892462689996675551,6.599062
polygon,0xC7d15f80A49F396e9D5B0c07DB9D727deEaE52fc,0.000000000000000028,0.0
polygon,0x34bBaEA58d467218C41A61adcC4A54202DF2b691,5.414278441852764459,40.034349
polygon,0x34bBaEA58d467218C41A61adcC4A54202DF2b691,5.37664143705220298,39.756053
polygon,0xf8f2d04B6596724e291754485BD9a99BD21e8164,5.035336397895834537,37.232369
polygon,0x19A313d0D3eF1Cd269817aE4f943DFf55CfF2568,0.705182868572769461,5.214275
polygon,0x4A228f14d2130E8E4636418B52aAF3D6b4E887D3,0.000164447923907997,0.001215
polygon,0x831Db56a947c2A680A0Ac4700A87f98Db32328D8,0.014790732051155913,0.109365
polygon,0x108706524972d0E44936B34109de5bf18Ed60c67,0.024855312977128601,0.183785
polygon,0x2446f1a75162F045d02F23D1D3b0F5A2C0f9A4cB,0.001797388694746068,0.01329
polygon,0x4d68BF377995c478bb8D3bB1eDE71502c7E55E94,0.000100196070990083,0.00074
polygon,0x34bBaEA58d467218C41A61adcC4A54202DF2b691,2.905468772062955822,21.483666
polygon,0xdAc7a91516112703448B5d1fbC8B679fcE838E8A,0.001002628788076734,0.007413
polygon,0xF6846BD459bF7FB9132c4453206933252A197636,0.000000000017305189,21.987248
polygon,0x34bBaEA58d467218C41A61adcC4A54202DF2b691,0.000000000046880983,59.565014
polygon,0xb0C3996E6DE3CD92201Fb1a59e6730b0e9Ba5a6e,0.000000000005117,6.501445
polygon,0x34bBaEA58d467218C41A61adcC4A54202DF2b691,0.000000000032875247,41.769912
polygon,0x34bBaEA58d467218C41A61adcC4A54202DF2b691,0.000000000019657812,24.976392
polygon,0x4A228f14d2130E8E4636418B52aAF3D6b4E887D3,0.000000000000005451,0.006925
polygon,0x108706524972d0E44936B34109de5bf18Ed60c67,0.000000000000013247,0.016831
polygon,0xa9E14C1DF751dC3E710fCB3A92019667ae7fCF2D,0.0000000000000025,0.003176
polygon,0x2446f1a75162F045d02F23D1D3b0F5A2C0f9A4cB,0.000000000000014949,0.018993
arbitrum,0xAaF79B2956080cdfb589216db4f3cfb5c3A33A59,0.048664408016350566,156.394816
arbitrum,0xa99FBb7bafcFE76D9F377520a4ddb532C380b1e8,0.009607087941003209,30.874694
arbitrum,0xAaF79B2956080cdfb589216db4f3cfb5c3A33A59,0.00574359582819301,18.45843
arbitrum,0xa99FBb7bafcFE76D9F377520a4ddb532C380b1e8,0.021597839931672728,69.409869
arbitrum,0xa99FBb7bafcFE76D9F377520a4ddb532C380b1e8,0.038440813359083873,123.538828
arbitrum,0xa99FBb7bafcFE76D9F377520a4ddb532C380b1e8,0.036775185716747534,118.185931
arbitrum,0xa99FBb7bafcFE76D9F377520a4ddb532C380b1e8,0.018422208914724169,59.204212
arbitrum,0xa99FBb7bafcFE76D9F377520a4ddb532C380b1e8,0.079895866493393256,256.764643
arbitrum,0xa99FBb7bafcFE76D9F377520a4ddb532C380b1e8,0.041747018378308756,134.164115
arbitrum,0xa99FBb7bafcFE76D9F377520a4ddb532C380b1e8,0.01206682898045922,38.779666
arbitrum,0xa99FBb7bafcFE76D9F377520a4ddb532C380b1e8,0.00345619688162089,11.107322
arbitrum,0x49EdA9C3F0CD41417349881a775C61C47E659396,0.029544227885218929,94.947504
arbitrum,0xa99FBb7bafcFE76D9F377520a4ddb532C380b1e8,0.10958164197087104,352.167044
arbitrum,0xAaF79B2956080cdfb589216db4f3cfb5c3A33A59,0.021767676672957693,72.679266
arbitrum,0xa99FBb7bafcFE76D9F377520a4ddb532C380b1e8,0.00480353792435469,16.038349
arbitrum,0xa99FBb7bafcFE76D9F377520a4ddb532C380b1e8,0.042394881501417942,141.550655
arbitrum,0xa99FBb7bafcFE76D9F377520a4ddb532C380b1e8,0.040897344572109954,136.550586
arbitrum,0x66EC0Da50B1B54A52817417FE1A92dF7A961d149,0.003524149750303402,11.766649
arbitrum,0xa99FBb7bafcFE76D9F377520a4ddb532C380b1e8,0.020048474598860626,66.939088
arbitrum,0xa99FBb7bafcFE76D9F377520a4ddb532C380b1e8,0.016379426033940858,54.688641
arbitrum,0xa99FBb7bafcFE76D9F377520a4ddb532C380b1e8,0.011168892013551975,37.291388
arbitrum,0xa99FBb7bafcFE76D9F377520a4ddb532C380b1e8,0.037178384711093801,124.133492
arbitrum,0xa99FBb7bafcFE76D9F377520a4ddb532C380b1e8,0.023081874050444207,77.06719
arbitrum,0x5Ec869c1Cb378bb77Bc55BB56129399f6828c8C5,0.02324831373134794,77.622909
arbitrum,0xa99FBb7bafcFE76D9F377520a4ddb532C380b1e8,0.042030544124822105,140.334183
arbitrum,0xa99FBb7bafcFE76D9F377520a4ddb532C380b1e8,0.101192958804153736,337.869316
arbitrum,0xa99FBb7bafcFE76D9F377520a4ddb532C380b1e8,0.114326036788443769,381.71885
arbitrum,0x66EC0Da50B1B54A52817417FE1A92dF7A961d149,0.009567981222514083,14.051001
arbitrum,0xa99FBb7bafcFE76D9F377520a4ddb532C380b1e8,0.016442269121106361,24.146195
arbitrum,0xa99FBb7bafcFE76D9F377520a4ddb532C380b1e8,0.0385498799885162,56.612195
arbitrum,0xa99FBb7bafcFE76D9F377520a4ddb532C380b1e8,0.032524856891629436,47.764183
arbitrum,0xa99FBb7bafcFE76D9F377520a4ddb532C380b1e8,0.045880130313040734,67.37699
arbitrum,0xa99FBb7bafcFE76D9F377520a4ddb532C380b1e8,0.04005186352847902,58.817924
arbitrum,0xa99FBb7bafcFE76D9F377520a4ddb532C380b1e8,0.023140947126341352,33.983499
arbitrum,0xAaF79B2956080cdfb589216db4f3cfb5c3A33A59,0.007558298599170829,11.099694
arbitrum,0xa99FBb7bafcFE76D9F377520a4ddb532C380b1e8,0.064285052867078293,94.405429
arbitrum,0x19A313d0D3eF1Cd269817aE4f943DFf55CfF2568,0.009325330888371145,13.694658
arbitrum,0xa99FBb7bafcFE76D9F377520a4ddb532C380b1e8,0.064649665739189235,94.940879
arbitrum,0xC7d15f80A49F396e9D5B0c07DB9D727deEaE52fc,0.00641460326711678,9.420127
arbitrum,0xa99FBb7bafcFE76D9F377520a4ddb532C380b1e8,0.058129867688979971,85.366268
arbitrum,0xa99FBb7bafcFE76D9F377520a4ddb532C380b1e8,0.043516411536004694,63.905765
arbitrum,0x66EC0Da50B1B54A52817417FE1A92dF7A961d149,0.000000000016778185,17.152747
arbitrum,0xa99FBb7bafcFE76D9F377520a4ddb532C380b1e8,0.000000000006929491,7.084187
arbitrum,0xa99FBb7bafcFE76D9F377520a4ddb532C380b1e8,0.000000000022121024,22.614862
arbitrum,0xa99FBb7bafcFE76D9F377520a4ddb532C380b1e8,0.000000000049361848,50.463821
arbitrum,0xa99FBb7bafcFE76D9F377520a4ddb532C380b1e8,0.000000000006882746,7.036399
arbitrum,0xC7d15f80A49F396e9D5B0c07DB9D727deEaE52fc,0.000000000011730558,11.992435
arbitrum,0xa99FBb7bafcFE76D9F377520a4ddb532C380b1e8,0.000000000027439036,28.051596
arbitrum,0xa99FBb7bafcFE76D9F377520a4ddb532C380b1e8,0.000000000067306996,68.809584
arbitrum,0xa99FBb7bafcFE76D9F377520a4ddb532C380b1e8,0.000000000059277554,60.60089
arbitrum,0x6C13FC8EF50144A21702415d57ece0A09879fCFb,0.000000000023979055,24.514373
arbitrum,0xF6846BD459bF7FB9132c4453206933252A197636,0.000000000007859789,8.035254
arbitrum,0xa99FBb7bafcFE76D9F377520a4ddb532C380b1e8,0.000000000071074202,72.660891
arbitrum,0xa99FBb7bafcFE76D9F377520a4ddb532C380b1e8,0.000000000030285185,30.961283
arbitrum,0xAaF79B2956080cdfb589216db4f3cfb5c3A33A59,0.000000000006155868,6.293294
arbitrum,0xa99FBb7bafcFE76D9F377520a4ddb532C380b1e8,0.000000000040078818,40.973553
arbitrum,0xa99FBb7bafcFE76D9F377520a4ddb532C380b1e8,0.000000000032171995,32.890215
arbitrum,0xa99FBb7bafcFE76D9F377520a4ddb532C380b1e8,0.000000000045986546,47.013168
arbitrum,0x035f23Cf31b863F8370A865e3D6442257C582887,0.000000000057295278,58.57436
arbitrum,0xa99FBb7bafcFE76D9F377520a4ddb532C380b1e8,0.000000000181374057,185.423124
arbitrum,0xa99FBb7bafcFE76D9F377520a4ddb532C380b1e8,0.000000000214824316,219.62014
arbitrum,0xa99FBb7bafcFE76D9F377520a4ddb532C380b1e8,0.000000000196582279,200.970861
arbitrum,0xC7d15f80A49F396e9D5B0c07DB9D727deEaE52fc,18.442409831805949949,12.385406
arbitrum,0xa99FBb7bafcFE76D9F377520a4ddb532C380b1e8,99.756966397647773689,66.993985
arbitrum,0xa99FBb7bafcFE76D9F377520a4ddb532C380b1e8,89.246618055512561517,59.935529
arbitrum,0xC7d15f80A49F396e9D5B0c07DB9D727deEaE52fc,0.00000000000000054,0.0
arbitrum,0xa99FBb7bafcFE76D9F377520a4ddb532C380b1e8,78.141744351673742694,52.477807
arbitrum,0x66EC0Da50B1B54A52817417FE1A92dF7A961d149,14.137630483837264801,9.494436
arbitrum,0xa99FBb7bafcFE76D9F377520a4ddb532C380b1e8,108.619359706344880558,72.94572
arbitrum,0xa99FBb7bafcFE76D9F377520a4ddb532C380b1e8,29.01518362499677999,19.485784
arbitrum,0xa99FBb7bafcFE76D9F377520a4ddb532C380b1e8,63.639064593744891156,42.738213
arbitrum,0xa99FBb7bafcFE76D9F377520a4ddb532C380b1e8,37.011041218934853955,24.855578
arbitrum,0xa99FBb7bafcFE76D9F377520a4ddb532C380b1e8,35.851668264318397178,24.076976
arbitrum,0xa99FBb7bafcFE76D9F377520a4ddb532C380b1e8,40.935359359999722538,27.491041
arbitrum,0xa99FBb7bafcFE76D9F377520a4ddb532C380b1e8,10.644166485558947497,7.148324
arbitrum,0xa99FBb7bafcFE76D9F377520a4ddb532C380b1e8,20.249238196969403188,13.598821
arbitrum,0xB654Bec62d09b25CcA5B3AF8F72688F7bE3a0Ba7,9.058340226062836779,6.083327
arbitrum,0xa99FBb7bafcFE76D9F377520a4ddb532C380b1e8,75.70362763160918506,50.840436
arbitrum,0xAaF79B2956080cdfb589216db4f3cfb5c3A33A59,0.348874512268445176,10.786732
arbitrum,0xa99FBb7bafcFE76D9F377520a4ddb532C380b1e8,0.332113872084056428,10.268515
arbitrum,0x49EdA9C3F0CD41417349881a775C61C47E659396,2.518193588911597761,77.859168
arbitrum,0xa99FBb7bafcFE76D9F377520a4ddb532C380b1e8,1.642488965466008533,50.783556
arbitrum,0xa99FBb7bafcFE76D9F377520a4ddb532C380b1e8,1.814851748303096493,56.112782
arbitrum,0x035f23Cf31b863F8370A865e3D6442257C582887,0.020382576401062655,0.630201
arbitrum,0xa99FBb7bafcFE76D9F377520a4ddb532C380b1e8,0.110707006908267059,3.422912
arbitrum,0xC7d15f80A49F396e9D5B0c07DB9D727deEaE52fc,0.000000000001876485,1.346061
arbitrum,0xa99FBb7bafcFE76D9F377520a4ddb532C380b1e8,0.00000000001408267,10.10194
arbitrum,0xAaF79B2956080cdfb589216db4f3cfb5c3A33A59,0.000000000001057762,0.758765
arbitrum,0xa99FBb7bafcFE76D9F377520a4ddb532C380b1e8,0.000000000009572311,6.866518
arbitrum,0x66EC0Da50B1B54A52817417FE1A92dF7A961d149,0.045896420784515424,67.400913
arbitrum,0x66EC0Da50B1B54A52817417FE1A92dF7A961d149,0.022948210392257212,33.700456
arbitrum,0xC7d15f80A49F396e9D5B0c07DB9D727deEaE52fc,0.007748594027121411,11.379151
arbitrum,0x19A313d0D3eF1Cd269817aE4f943DFf55CfF2568,0.018301751420285957,26.876927
arbitrum,0xa99FBb7bafcFE76D9F377520a4ddb532C380b1e8,0.155025118839480077,227.661209
arbitrum,0xa99FBb7bafcFE76D9F377520a4ddb532C380b1e8,0.032212968421111901,47.306161
zkevm,0x90e9Ecc016A6971Cd28ceE85C53e72517A451a38,94.016727180706419101,67.105755
zkevm,0x8da11C008Bd956eA25CEBce8faeaE10CC69CcD31,1.638061222058050814,1.169189
zkevm,0x8Fa3acA9C712F3F582C8c6053E465C3F4db3cB83,0.193215950343948423,0.13791
zkevm,0x2683850afe34e173E11A379CC1043c141f104034,9.41030160219752787,6.716734
zkevm,0xdf1AAFbdF9394e15dbcdbcA0068AbDabB6Da3359,23.686880607168525614,16.906842
zkevm,0x2afe45e04C861a28CdE5051885af0985E36f8488,0.323591533985163382,0.230967
zkevm,0x71535AAe1B6C0c51Db317B54d5eEe72d1ab843c1,16.17957672730401697,11.548399
zkevm,0xb3bB5D2E3622d6e67b2a2427191e12c7c932303d,16.179587499642458681,11.548407
zkevm,0x830bc5551e429DDbc4E9Ac78436f8Bf13Eca8434,0.952392970482539208,0.679783
zkevm,0x368E096E4e662724f25E68Fe65f1E9ea70032667,9.521569762467500198,6.796153
zkevm,0xf8cA4BdC7Db06Ad819fE8AED62Bf5fc9A13831f6,0.01,0.007137
zkevm,0x28ECb498b2f34Dd717AEE529de358005E88669e5,0.161815836013326469,0.115498
zkevm,0x08fb3BDC511b30596791b235c713BeA231B00f26,23.815582869272204793,16.998705
zkevm,0x7d0A940d81cE63cE716a1e3CD7372F78F79d2414,0.046767822545480062,0.033381
zkevm,0x97a1CA841B4792068932D4224681f6F6fa22C549,2.367434772398936182,1.689789
zkevm,0x4a0C99D4B943399faD81e01b57e34c77d481a3b1,0.102026120114789925,0.072822
zkevm,0x121E1573B7C6c15Aa4C036d54BFd2974Cf38a163,1.0,0.713764
zkevm,0x42abB9756B601A71cA6bc6337843a7e4795C7458,0.421275446017697673,0.300691
zkevm,0x133984DDb93E338e4D49e7609B8B811877953FAB,6.68589241935112355,4.772149
zkevm,0x360b74a47F58405bdecf33811b1f2ca37dc66320,0.419252343955448024,0.299247
zkevm,0xd3CCf31820301F0955ca2d7c190F2b3AadB639D0,1.01720664670564509,0.726045
zkevm,0x6f745bB328a35D81A021C3D38cEcD381852AeAf1,0.466024703897016224,0.332631
zkevm,0xdC49838921C8690e1eBFb4f17568caF7B1Ad566C,6.607568685457245197,4.716244
zkevm,0xca4aD39F872E89Ef23eABd5716363Fc22513E147,46.788457175518594159,33.395916
zkevm,0xF222f955Ecced246f3181d14fB4629469cEB7681,0.156604846835460026,0.111778
zkevm,0xE2C2bbAc29a8991C21D50cFB76d56Ef455D85157,15.061879296153656728,10.750627
zkevm,0x960d98a8D6Aa4d03985F8468FB54E1A33453EaA4,4.90708826655376118,3.502502
zkevm,0x3e00aEe52066ee270f8BadF0B5bb41993f057321,3.289907826209428343,2.348217
zkevm,0x90e9Ecc016A6971Cd28ceE85C53e72517A451a38,3.189589119498773329,2.276613
zkevm,0x084f1a3ec5d2C5c3dA6126a262D0d9f19bFEe12C,0.5,0.356882
zkevm,0x4770F67Db9D09Ca7347C1fCcBf3795A464065eCB,28.935395362253565565,20.653043
zkevm,0x8F72259E376e8BE3C3251a60920E9eDd5112dD9B,0.708462509212980041,0.505675
zkevm,0xc9d5BDE60b3111bB43A63f60FA56993da2ac3629,3.559920789055730438,2.540943
zkevm,0x3D8f0c586FF01B75349a5757904d9Ac46aAE91a7,0.364082807972287481,0.259869
zkevm,0xBa750379655F2448D0f7EB3BbCe2aC609fB32EF7,1.0,0.713764
zkevm,0xA45Cd04A376B8014289db9D91aAE741957fc8bF6,0.035859630930896853,0.025595
zkevm,0x6Ce617317a75aCa2c9F7129bBe329BCD242c884A,0.235254906022731497,0.167916
zkevm,0x07Fb105a1A0e443E7E3348F04c3618f3dAAd3bB3,0.080715602030044978,0.057611
zkevm,0x1c7779A134F407B8c4307D71Ca7b65E586f8FbeC,9.721747006858823223,6.939033
zkevm,0x405BFfB056C914f3bD5E5f5e1b67Ce6CB7fc2324,9.723035825308998476,6.939952
zkevm,0x7B9b8eA7eE81A5298F1eB1da63F3D2985c7e0F4F,0.316690566585942135,0.226042
zkevm,0xEe086253c56B6527530CB241F1622050FE402783,0.745769810958046397,0.532303
zkevm,0xfa98Ccd87e129085163180e70955437248fa3690,26.629382579450768685,19.007094
zkevm,0xfc46a7673e85F591337e50c260e184d8fD316A82,0.335655157553410227,0.239578
zkevm,0x785D1B11304D5f8d9cB11E5079c8640C051b35bc,4.534345852598912884,3.236452
zkevm,0x43Ed9D9120fb7e9E2de1A9dEb7BE2A8B75230DEf,0.0001,0.000071
zkevm,0x5e0f0f230036E16D675c4958da445c9C83239b57,32.808003010828215906,23.417171
zkevm,0xaD06B8b173702aE6647eCF3f92e2544A9e6afcE8,1.05584489131822834,0.753624
zkevm,0x3779d49E7Df0ca0733024CCA13E7482132CC7e20,29.147047848826231685,20.804113
zkevm,0xeA3E579dA60CdB97f3870f862Af5DB982C0Ea08c,0.5,0.356882
zkevm,0x553222B267bC978ACa3C28493AEf72d924b264BD,0.00061880605059878,0.000441
zkevm,0x23BCdD2cF157B97dEa34436be36b6b897B02061a,1.705189161434672362,1.217102
zkevm,0x9d3e2e80933FBfa59a7845D2F5D966f2b31DC0D7,1.704893563309389467,1.216891
zkevm,0xC7d15f80A49F396e9D5B0c07DB9D727deEaE52fc,745.317819117525108507,531.981027
zkevm,0x90e9Ecc016A6971Cd28ceE85C53e72517A451a38,300.0,214.1292
zkevm,0x6e22706d6E86C38f4BAD40415b1b4c76f5B821B0,1.5,1.070646
zkevm,0x49cc14930A9193652D62Ad6C64Bc74015c308144,1.112284831933580076,0.793908
zkevm,0xe0CfD0724fF53Fc9064abA7944bf111D5633E31e,12.258549599276357938,8.749711
zkevm,0x8139070FCB3CBa1DAdBF22C78f1cd2863A9e3673,0.007787451759223567,0.005558
zkevm,0x66e655f74887E50d2FFca66bDB48e1815D41e7EF,4.317441465091705233,3.081634
zkevm,0x2c824314e163a7D392BcCa543701050A689Adc29,0.119999999999999996,0.085651
zkevm,0x3ca4bc7F14bd114364Bf2089B4A6C136E7A31edD,0.04118984088388325,0.029399
zkevm,0xd97d78Bb13469bAbfd37fc72C80eB2c5D218E93E,0.100000000000000006,0.071376
zkevm,0x07B516Acd3F661BaC8480f3B699b5D532dD5D912,0.034459305422335218,0.024595
zkevm,0xE21946bEBb7D4d21755b65bad5576e866Fb9B570,0.010338636239765917,0.007379
zkevm,0xC339B8EA29FEA68C33F277982070cF78d8fD2439,44.326173518582756117,31.638426
zkevm,0xB7A6a16A7f8A9A27847a5d5E68D4e4ab99d48eb4,1.357639368949072223,0.969034
zkevm,0x92b52e6441A9e2E03d080E951249d93dF222f855,0.473164280927449048,0.337727
zkevm,0x7282aB49b58C7c493F49F2d5D1a723BdEd47C420,0.013016373395575797,0.00929
zkevm,0xfcbB3474737F05eCa92F4a8C4cdc09b2a34Ce99d,2.286905905192880552,1.632311
zkevm,0x47D228fb786BB14117625147f1055638F46b6893,7.048858107642763833,5.031221
zkevm,0x93A9e1206c87b14959db646F77276c62822c4a57,17.518346284241594392,12.503964
zkevm,0xF4c85115A85566F16Db5f93f148CF4De547eBf8c,129.903417987860819949,92.720383
zkevm,0x993826a6F2e3d33e3b87E8FA7B5668a7d82368e5,1.332265022396326981,0.950922
zkevm,0x7eaEc254f78613d9d57e1FdB8d9964EA36E7523d,0.138213025394965994,0.098651
zkevm,0x3d9b5E4c014afCc162688B1848276a6171E29136,1.400093941960875292,0.999336
zkevm,0x66CE4061e97e64613f0e1bCEAd42D2deDCC16474,16.587436251384979619,11.839514
zkevm,0x90e9Ecc016A6971Cd28ceE85C53e72517A451a38,21.291084745707055669,85.866902
zkevm,0xC7d15f80A49F396e9D5B0c07DB9D727deEaE52fc,27.374251815909072072,110.400302
zkevm,0x3fD391AC74F0569F73BacD1a798aF04434bE2dC0,0.406309186351048013,1.638644
zkevm,0xbC8744370bCb6D5AbF5dE8B4086ecfBB4C5629C3,0.030447791514795371,0.122795
zkevm,0xbC8744370bCb6D5AbF5dE8B4086ecfBB4C5629C3,0.002537315959566281,0.010232
zkevm,0x5Ead838728b05C62FffE65C894292688155cf7A3,0.404897669337744015,1.632951
zkevm,0x70bf12D17A84C6AdCB3b80a22613c497fd88526f,1.623854418957801471,6.549001
zkevm,0x0671D77376069262cc075746eAF8Bfe82B008C1C,3.321710492512010671,13.396451
zkevm,0xcF5EBE07b64BB6B7ff66ba390B0A2c6Eb2DeDAcf,0.00000895795902775,0.000036
zkevm,0x057Ab78cA022689c6A4937fA8fc43665346BDB1C,0.639854212680428636,2.58053
zkevm,0x057Ab78cA022689c6A4937fA8fc43665346BDB1C,0.000000000000000009,0.0
zkevm,0xCae9E579198f481C84E887d62ce09DB71B399AfB,0.404979823298138586,1.633282
zkevm,0xb51A5a03B1C334263C7a611aC77536a3E745Dd0D,0.404979823298138586,1.633282
zkevm,0xACB821D963A1020FAa5b3Fe25b13035439D87eB6,0.404979823301208837,1.633282
zkevm,0xb300AA30dD33e1Ae849Cb69FA23D6Ddaf90a69BC,0.504348446950186739,2.034036
zkevm,0xb43d843538635AEf1b49114BB72AE083ab63BE30,0.829045666471425271,3.343539
zkevm,0x9a74eC99Bd88ECA680485dA7F32FCa05Af375dcF,0.219785121200325367,0.886392
zkevm,0x46331769A8a01947E07C310704893076a3409d36,3.854250793386799738,15.544185
zkevm,0xB4dC4C7460c58E7652Cd615675a1F707EbB67E9a,3.21175227085462911,12.95299
zkevm,0xB4dC4C7460c58E7652Cd615675a1F707EbB67E9a,0.00000000000000016,0.0
zkevm,0xA2A8FF2AC4f5045aF0cdAB6F8A37Bc0072b13Fa5,0.003252008764835449,0.013115
zkevm,0x9DF087ADa77aF80F553DC0d2FB43C18dC5a6B444,0.06423504529588063,0.259059
zkevm,0xeAE326EabC4bA98c196c9a8efEc46278f2818332,0.003932345568894936,0.015859
zkevm,0x13Ae56e4353b0103Cf90B0925B0fC88014c13380,0.001653923503060131,0.00667
zkevm,0x13Ae56e4353b0103Cf90B0925B0fC88014c13380,0.000413480875765032,0.001667
zkevm,0x13Ae56e4353b0103Cf90B0925B0fC88014c13380,1.0,4.032998
zkevm,0xB1658Bd148F54c1E59d85F7FDA511b558533b0Ca,0.0009926989991392,0.004003
zkevm,0xc0e2303C29e566a7B9B15c2c98650AB4A25423de,2.304360903264762491,9.293482
zkevm,0x2FA5fCC93Ac9B373EF0065708330f7Cac493fEa7,0.397075627837246592,1.601405
zkevm,0x73CE41f6c09B306202816dea3b7873d902Ac240a,0.796574808564038705,3.212584
zkevm,0xAAF8fAAd987F9e35be9b4CCF868faa89E68a0186,0.660556681060308483,2.664023
zkevm,0x95045076fC93A14a4E9B576599479cb4f58A1B11,4.621745297743689029,18.639489
zkevm,0x1D8b0e145b7FF85c6cc267575a4E5480F47eeA1b,0.460414195900481382,1.856849
zkevm,0x29A6EA5a48bEC21C1C1110eea71a76fe520Fe525,0.004499630465556179,0.018147
zkevm,0x60DaCb23C38487CEeee22BA9002068E960BD1D8C,0.658657975685056201,2.656366
zkevm,0x34F9C0B11e67d72AD65C41Ff90A6989846f28c22,0.066716642477959137,0.269068
zkevm,0x34F9C0B11e67d72AD65C41Ff90A6989846f28c22,0.033358321238979576,0.134534
zkevm,0xDE3621B8Ecd32273eB12F8b5bd1d5D7Ea04B91b6,0.394945397575756585,1.592813
zkevm,0xA3268eDfd84415472D9c30eCdEBa487f865Ee063,6.671666246359348642,26.906816
zkevm,0x55aa53FBBA31881e88D4beF54ab3A834BC85A3dC,0.397074385036528754,1.6014
zkevm,0x348032A573a17e2A68f1bc38f81534ef446Ca74a,5.961969083861320406,24.044609
zkevm,0x320474Ac14EE1FD4De19293D134F19Cc0f0B1F89,0.835350813291407146,3.368968
zkevm,0xcaE7D0dADafC547fD7B343D401afC0527478f76A,0.394739519127032287,1.591983
zkevm,0xcF8373446363216f0daC6ace39cd3dB12cF8689b,0.49342452302683219,1.98998
zkevm,0x1BFA63aF45F4F56A0E2ef032429771D398C6b71C,0.39541258850131078,1.594698
zkevm,0x2a03278590cd1962De28F9AbC855CF3774fe3eb6,0.481105834190073689,1.940298
zkevm,0xbe849fE87554b149604AC670f48BB69B174B753B,1.97514407539017478,7.965752
zkevm,0xea5a5Bd9DCC9Af8BB4515e25B28886C35daD3334,2.765046629535379719,11.151427
zkevm,0xEADAF4c1825092EA6A03c24dD37687c9a75da757,1.433847528358905563,5.782704
zkevm,0x13b3fF6f1d996eAf36022eA2a92669e1371E46d7,0.668394868230764197,2.695635
zkevm,0x473A17e00cEbeda446D43b1136e8Ee9D122ac249,19.849829686344015007,80.054323
zkevm,0xB439B3a24442A5E6C84036D3f3f9a65A6C75576f,0.236597033125213261,0.954195
zkevm,0x64f8e38e19c1B6992969Dcd5769c149951018Af1,1.970693925596534759,7.947804
zkevm,0xF84750AE307d6692daF2C9819dc8b2016f2889A3,3.796947371807268247,15.313081
zkevm,0xe05E6280E61F67D70AfB2E3eD530AeeEbe0E22fC,0.845819148435304467,3.411186
zkevm,0x14023313939745cc8EDD871c1c1Fd78Ac42047A4,0.033598963394272609,0.135504
zkevm,0x9155EdC011c8345CB63A1fE2808C3B7177Fc458B,5.375410784573503474,21.67902
zkevm,0x28831F39bB35EDC44ee1c175b44308CD3bef57ee,9.461127800318701375,38.156709
zkevm,0xc9c8aA8911e8a0C79Bb09F1C53A198890dbac330,0.033596317269291076,0.135493
zkevm,0x89f379d4a42EC0adFc49310e2124E01ab4dec5d2,4.856907725910859064,19.587899
zkevm,0xeA5cdBb33b1512AbBd71cbA54B19C16CeBA23ec8,0.039311485297072651,0.158543
zkevm,0xd61Ae6D68C347ea88b6D61758392717efBBe51CD,0.059061097340178594,0.238193
zkevm,0xAc0787f438a2d2183f1ee6995cAB43FD8E673621,0.039295099540000003,0.158477
zkevm,0x72e79e5B02e72E506D20F94F5696B4Ab7Dec1f3A,5.400266355910153987,21.779263
zkevm,0x60b1708e496f33EFb9198Fe5219656f31665d16c,0.039294354412299947,0.158474
zkevm,0xFAC219Be81D0236e4167163111298934B53a6D95,1.915095362540687907,7.723575
zkevm,0x2C2Dcad5C17b73DE59aaE25218F5ba37eAe3a2a2,0.336170103642779161,1.355773
zkevm,0xf85d965e9Fd4607B000110253214f49231f0031a,0.006,0.024197
zkevm,0xCF2177F7292193BE84d3C993696f2a2845554Af6,0.047153274945792585,0.190169
zkevm,0x8289A9B89bd778A7d199626860e2bee4326a83b4,0.019647177206596252,0.079237
zkevm,0x29DAD0663dDD1B01bFc99D6AEBA297730158994b,0.003377419927264358,0.013621
zkevm,0xA7080c1153687451691CFE296668E6D4545d5a87,0.00506613047298463,0.020431
zkevm,0x32fCB3b98F5C19218C622AaD0d7146D4290A41fe,0.05066130472984634,0.204316
zkevm,0x275006E1Cf415F8AeDBe0b030Ee12ca0170040F2,0.047026404798869999,0.189657
zkevm,0xEA6887f2b7D9EaC0149B13F1A61019cBA4B8A512,0.0003,0.001209
zkevm,0xE336E86f5672062a6aD282670fc0F48B5D9ef06f,0.196199565516396167,0.791272
zkevm,0x463fDB63a7239BACd2581A0dbD9FC94075f2B9E5,15.70203650901163428,63.326281
zkevm,0xAaf2196e7dc69a388517aB1bb3DDeBB704Ab856b,1.938842408103438253,7.819347
zkevm,0x87C4C5994E94E0317Ce7A4c2ea25a66Bfa1979DC,1.941930251635638178,7.8318
zkevm,0x7AB33AD5f25dB07d1Da7a8Df55A71036F07dA22E,0.978687196397334591,3.947043
zkevm,0x55078d42c77873910228B3D2F83cED132606dEf8,0.067766042522540329,0.2733
zkevm,0x311B19e3D00Fd1be6c4C01663CdDE054237Bf54d,0.038790619988703305,0.156442
zkevm,0x674Cb80D38618d578cFbC2c7f4D5381E60E02e80,0.775825922746108287,3.128904
zkevm,0x391ce4c25c372EB39209CBb2B068bB744ED10E0b,0.027151885588620891,0.109503
zkevm,0xe6488DCe7ac6d2D7765600c7c4786b9e017A2a45,0.44955014181897901,1.813034
zkevm,0x06DdeE69a89e609B91fEf3cD9A670b0E01161882,0.387810114862803479,1.564037
zkevm,0xAEe59c29DF715a69B7F114e5B513b1369FbAceeA,0.019393702793728622,0.078214
zkevm,0x3100b532661a1d2C13769011AC45b7245D224431,0.020824300246667342,0.083984
zkevm,0x2C2Fa8A0B0Aa01169D1F7e2Dc70829572C263d58,1.937967538453409189,7.815819
zkevm,0xf0f74277C46eBec6B6C9678C9B3b8637B893918D,0.387861497141803674,1.564244
zkevm,0x2957C2968ebcB91f5683768a9bdC468d08C2a2C2,0.01,0.040329
zkevm,0xE408D65d495c567aB246E7c90F11d15d96c1738D,0.78295319013713989,3.157648
zkevm,0x1F1e4e3B02268d87d3b6f9043f3B4D96aB244e34,0.068649084471601603,0.276861
zkevm,0x7e4c51597dbA086FD1A07751Db43836a3Acd20bf,1.942802418560564792,7.835318
zkevm,0x64F8eF34aC5Dc26410f2A1A0e2b4641189040231,0.194616645459093679,0.784888
zkevm,0x26d82ECacE3eA30A8F61CEc406aD8b8df5c7DE2d,0.050000000000000003,0.201649
zkevm,0x6542f4E37fa4269c2DB6AD9Bd3d51110fFb9e362,0.776516565079543364,3.131689
zkevm,0xC5eCad006F9F621A63b1Fe8A44103b3A11e21Fc6,0.067784493566491938,0.273374
zkevm,0x81D6163cA773E3f424B110fD714F694FB0C67064,0.039108937516971976,0.157726
zkevm,0x6642A026d74797fE1E35f8323d6d21352Ad5D9e9,0.169455035915673402,0.683411
zkevm,0xA03d81C3E58FD0Ed973F7b2F73f0E26bDfD0F143,0.508416684228711968,2.050443
zkevm,0x2c598E86e9049e1B550f07e4875e7340897fe861,0.391559069103299328,1.579156
zkevm,0x19D7A7086E3a96E0aa783E59594eFf743eb12aCf,0.019348380076497508,0.078031
zkevm,0x293f6822ae1558b306c3225CcB1423CaFC1b5e1C,0.773723178377799128,3.120424
zkevm,0xD078073F50edc5b59b8C28837C0f33bB21a6Ee8B,0.690828364434852848,2.786109
zkevm,0xBF1dB0a198976a0F5E257017E7fbe1F80641e41B,0.106977371285268893,0.431439
zkevm,0x41ab26644b49a0B2c317019bfA6D0C04C04960d8,9.768899276180817481,39.397951
zkevm,0x015015e120eb51a4F0b9Dd4C3887b92da5f92460,0.388914690048273726,1.568492
zkevm,0x79926C541D1f28f9a0ABc9C84592E31743Cd1997,0.308848400341648887,1.245584
zkevm,0xb79B5ac3E833DdD9920642EB7660ceb240350C07,0.038606112112127972,0.155698
zkevm,0x5aa5c20819DDE5eE448A1D565cbC9DE7433A3CBa,0.38605143777904108,1.556944
zkevm,0x4305ee45178aAA26d2bD08208ea9d939408A6172,0.689999999999999947,2.782768
zkevm,0xC0b6c51621cf91ff0A8978A4eA402E98e944839B,0.017264613328678277,0.069628
zkevm,0xc4F91CDd498A30f8ed1dEa3883Cba314a7A2a022,7.706508872460625442,31.080334
zkevm,0xaD5B7F1B8D78EC79787ed11A8A4384A86b39a46F,1.924680025185904313,7.76223
zkevm,0x3090A8da23358422A98A0cC2DDEDa51ebdeB27d0,0.011049840765304528,0.044563
zkevm,0x044Cd2A27D8c048326876C32102A0Ab0e79DBCf9,0.36540707510267556,1.473686
zkevm,0xfac4187F21c747fAbEeaE6692C3326123D74b18f,0.773710318214578585,3.120372
zkevm,0x3CD507e1BaF426Ee2698Acf6e7c66B9bF50e4ab1,0.913261385983447167,3.683181
zkevm,0x9d927B02198031f73836C5dfB0A9d89C4809514C,0.036191674138889955,0.14596
zkevm,0xb70b00cC8D5c1430F6c5123e73c7107f88635aDb,9.053834663900156343,36.514097
zkevm,0x8EA6B66e0Cc397E645e44378Dc6595C73326fcF5,0.000009450250698339,0.000038
zkevm,0x107Ec1Cc55d76fF7354b5520c90da4Eb6d9E20b3,0.425013508953714647,1.714078
zkevm,0x413F923e1EEaB5815d0C6FD41DDAC1E906C246D8,0.550463268567318753,2.220017
zkevm,0xEf2761c73F3384E5C3B86E4709a8c4E6d55D4Dd7,0.733982126845094118,2.960148
zkevm,0xAb69583543ABe51a6433d5305d14B9409555d21A,0.734030392659698911,2.960343
zkevm,0xB4575Bfd6536309ae2A9575e59Ec58FB9251BD7c,4.154068646247943697,16.75335
zkevm,0xc16b6617F39e96a6D284a878907Ceb8B1ae1e7a4,2.21119602314988084,8.917749
zkevm,0x00bbCbdB5466a6FC2BF6c212a3278dCe06575E1b,14.199576346681091351,57.266863
zkevm,0x77a426b64C7D97a8dcB968a7924D019F6BFbA6DF,0.000005513354225235,0.000022
zkevm,0x794Dfd7110942C648506A38551140c1D438E039b,0.005333595350448027,0.02151
zkevm,0xD0a42a78296A31866B8080B3c101F28898106Dbd,7.237894356796583216,29.190413
zkevm,0x7A8370B9850CCe366E8E68670923C3Db39F9C905,0.009074934534622273,0.036599
zkevm,0x8D59b9Fc743cB2d80b47AD8Bc0571432B45c68d2,0.401876781637853492,1.620768
zkevm,0x0D2349e291A9e0Bb755bFFA4097E6D378A72330B,0.018098488089811701,0.072991
zkevm,0x4AA86a5f0890De564b612d45670B8d78a8434191,0.180985129268840306,0.729912
zkevm,0x7ce5A930b52eB64b6D9dB554061218EA7602313f,0.003633909622865506,0.014655
zkevm,0x173F422038A65969bF7D833E6901E669dd48e42F,0.787264550143352282,3.175036
zkevm,0x8439a3B6ed9cF3771Ba4b91C2812316a209ec194,0.200000000000000011,0.806599
zkevm,0xA33608c15D3B6B17C0de81F446c9e9Cfd94e1cA0,0.181445747736109192,0.73177
zkevm,0x5099abfF70Bf5611B2B0eC2610D381F558B32419,0.180987097399821051,0.72992
zkevm,0xf3cC66f9AEd8F2B5434376be3c550D13D73FCb19,0.185501570680826011,0.748127
zkevm,0xA848dC8c301485e39ec995024E2a579525Fd1381,0.362047454905873645,1.460136
zkevm,0xACb3dB5760C1a4d541C7471A313A8e8a9fe68a90,0.487234928577829685,1.965017
zkevm,0x2479270315a74c353580cEc39250A34E43F1Bb25,0.050860632705289517,0.20512
zkevm,0x86e6b55bB954e1cfAb567f9582E0fa580bb0290d,0.016459697157114418,0.066381
zkevm,0x9680f3957510cf85751A096c2194520c36a4A003,0.000049733567155057,0.0002
zkevm,0xd5E6a760bc7a67c956F469E963ED0BE910d81e06,0.334308257825898513,1.348264
zkevm,0x1b23C95f884760521a16e5FF64544D1e48b56d4E,3.382861063087048096,13.643071
zkevm,0xc21Cf04Fb408A2eaDf007675b43bc4f26C432C4c,1.800000000000000044,7.259396
zkevm,0x25bD9C27B833b25D70BbfcB4333AF8BDfa79b596,0.066844145430079948,0.269582
zkevm,0x4271C549B068C564522CB83c3774f6045e2ADbEE,0.023492992550036743,0.094747
zkevm,0xBC192689fFaf29902a7DAeFc66256194B5CE9c8c,0.081589226474140087,0.329049
zkevm,0xda7738BB37DE3b5EE53E447490536fce5270A922,0.054299223230602489,0.218988
zkevm,0x7caB59eE72A6aE154bCB770fDd6E875262da7378,0.035129849099123441,0.141678
zkevm,0x4CF6577989C624f0B6799ADd24015326f42BC1dD,0.06650066633414696,0.268197
zkevm,0x78E7078961d06f617920f927b77a78C82afF7Fd4,0.069220777222459756,0.279167
zkevm,0xD5751AC6b5950f894e62D4d87B8e72483F225751,0.039857655557674065,0.160745
zkevm,0x4EFd394C0af0A2f44a4E5BD9bdEE0B4F26F6BA09,0.066408498883910205,0.267825
zkevm,0x783c7882ADA6675e1421C0E36c52E7FD42a9E7d4,0.000064138968853678,0.000258
zkevm,0xb462701723c40838eB03CdAA04C22d0e2F297013,0.053107823433705743,0.214183
zkevm,0x0DA41A73B8877f7ab00bbBB1Dae0E4B4f8823794,1.335671492238333702,5.38676
zkevm,0x6b431A511661E996D365235A7Fd72f8857754433,0.199495498156073886,0.804564
zkevm,0x7C09a844A6374Ae960080a419f174fa113B78D46,0.1176639104666326,0.474538
zkevm,0x951e90C02409f4b153C22b1fe3cB8A826b7379CF,0.912322820496828428,3.679396
zkevm,0x951e90C02409f4b153C22b1fe3cB8A826b7379CF,1.990647527479134427,8.028277
zkevm,0x951e90C02409f4b153C22b1fe3cB8A826b7379CF,1.492985645609350875,6.021208
zkevm,0x90e9Ecc016A6971Cd28ceE85C53e72517A451a38,0.000000000177248511,148.878109
zkevm,0x46331769A8a01947E07C310704893076a3409d36,0.000000000007602637,6.385758
zkevm,0x25659eEfd7caE21566a257420bBcB0C8317Ef94f,0.00000000000000008,0.000067
zkevm,0xE58564b8Ce8344AFDFE3a111bC0B541ee7F5f7Fa,0.000000000008872039,7.45198
zkevm,0x057Ab78cA022689c6A4937fA8fc43665346BDB1C,0.000000000005821047,4.88933
zkevm,0x18C449e8be17bD57E4d20DBc936cA1cd2554e56d,0.000000000000145525,0.122232
zkevm,0xA30305e3300fAeFcF76cf921fEa11D0A73745fbC,0.000000000001179222,0.990475
zkevm,0x828AE2080d961CfFF81e418089f1D01C08E6713F,0.000000000002910591,2.444721
zkevm,0x6648D39dd323adc816CADcAdA011d2c497C5257b,0.00000000000000006,0.00005
zkevm,0x98a274bB5B21CF554a0A80A5BBd41Fe74CaeDfA2,0.000000000002401297,2.016945
zkevm,0x98a274bB5B21CF554a0A80A5BBd41Fe74CaeDfA2,0.000000000002401296,2.016944
zkevm,0xF6Ee1A630BC3eCd8C3fB11520d5952031D7b4C24,0.000000000021238364,17.83895
zkevm,0xe0CfD0724fF53Fc9064abA7944bf111D5633E31e,0.000000000007364614,6.185833
zkevm,0xe0CfD0724fF53Fc9064abA7944bf111D5633E31e,0.000000000001665865,1.399226
zkevm,0x8164BCd381c18403e069c06Fe39FF9f63Bc9F8cc,0.00000000000584655,4.910751
zkevm,0x820C74a9F2fb6c039F9FD879C3B14b91D752A036,0.000000000076504929,64.259548
zkevm,0x35eaA1dB8103f5105F2A2A756aC68Df87b1F5dA2,0.000000000000053202,0.044686
zkevm,0xA2453aD40207083Ac908229Eee4e2401D3E4b603,0.000000000019907492,16.721098
zkevm,0x3c8ab3bFB68149717F573174c8eC71577228009A,0.000000000001933669,1.624165
zkevm,0x9DF22b0C912a1aA0E7388BD74c698D17d471c100,0.000000000000175221,0.147175
zkevm,0xA3E720C5D0B69Eaff253652319F3D04A888F6405,0.000000000002631701,2.21047
zkevm,0x35a32d2ff907347151D3FC79588057B22B7aBEa4,0.000000000020191002,16.959229
zkevm,0xE0d7d07D6Ffb895db6053eD5bcCaba451DB6987D,0.00000000001053378,8.847742
zkevm,0x9a1881269998763bfEEc6E28F72cD023E59a4179,0.000000000000049725,0.041766
zkevm,0x3021A59F56cAe360183C40965D7059a4a73A7Ba7,0.000000000011909159,10.002978
zkevm,0xA3E720C5D0B69Eaff253652319F3D04A888F6405,0.000000000009713271,8.158564
zkevm,0xd6896C0A04eF9C169656383a8eB6f687a25Ed0Ae,0.000000000031583767,26.528468
zkevm,0xEEECDF9946583E1624244DF5FC399121dFB4604e,0.000000000004733027,3.975458
zkevm,0x94F98fE46b3c96C77EAcF297E86c8d47e5442eE7,0.000000000002000353,1.680176
zkevm,0x024899F1b2E7c3CFc5E3db7F54Ecc284fd775d29,0.000000000007054304,5.925191
zkevm,0xcd088E347aC400327Ed62494FA274D5E69359FEa,0.000000000002983908,2.506303
zkevm,0xAdA7673B48D656a87cad01bCbAfe6B1eE6d621ed,0.000000000026969623,22.652864
zkevm,0xB2F9BbC5db84a95B598cAB0C464cF92D584d8900,0.0000000000028,2.351831
zkevm,0x35e4535B8fB48eb815429104D74b3792d0E730DB,0.000000000112460993,94.460483
zkevm,0xAdA7673B48D656a87cad01bCbAfe6B1eE6d621ed,0.000000000026969622,22.652863
zkevm,0x07B516Acd3F661BaC8480f3B699b5D532dD5D912,0.000000000000014211,0.011936
zkevm,0x07B516Acd3F661BaC8480f3B699b5D532dD5D912,0.000000000000014211,0.011936
zkevm,0xE21946bEBb7D4d21755b65bad5576e866Fb9B570,0.000000000000099789,0.083816
zkevm,0xDB25EA15F345c40c71a3a339E5bE47c2BbF8774f,0.000000000001998458,1.678584
zkevm,0xDB25EA15F345c40c71a3a339E5bE47c2BbF8774f,0.000000000002997688,2.517877
zkevm,0x93A9e1206c87b14959db646F77276c62822c4a57,0.000000000022218868,18.662515
zkevm,0xaaC18004b8da51E8f9634649Ea8a0af107691af5,0.00000000000002911,0.02445
zkevm,0xded5Cf3E3569B86ad8cd2AB71DD8218085ED58C4,0.000000000000081249,0.068244
zkevm,0xded5Cf3E3569B86ad8cd2AB71DD8218085ED58C4,0.000000000000040625,0.034122
zkevm,0xded5Cf3E3569B86ad8cd2AB71DD8218085ED58C4,0.000000000000020312,0.01706
zkevm,0xd73B4d093E3d8be30EB69c7aB0f1EEd9f82AAC01,0.000000000002297238,1.929542
zkevm,0x90e9Ecc016A6971Cd28ceE85C53e72517A451a38,0.003503617042252215,11.303311
zkevm,0xAaF79B2956080cdfb589216db4f3cfb5c3A33A59,0.01,32.261834
zkevm,0x5161716F02ebDdE4eB8BDcb80994a69b5951a63C,0.01,32.261834
zkevm,0x9a74eC99Bd88ECA680485dA7F32FCa05Af375dcF,0.001019716031115438,3.289791
zkevm,0x73CE41f6c09B306202816dea3b7873d902Ac240a,0.012331116091569885,39.782443
zkevm,0x9680f3957510cf85751A096c2194520c36a4A003,0.002684028970129495,8.659169
zkevm,0x34cfBeB2417B08934AEE7A71c2349983c48f92c4,0.006703623888383055,21.62712
zkevm,0x5e0f0f230036E16D675c4958da445c9C83239b57,0.018115059047191205,58.442504
zkevm,0xb77c1C6415f73a7AA533BFD9ba2d13b875496F73,0.013947514833973887,44.997242
