CHAIN,SENDER,ASSETS
polygon,0x5161716F02ebDdE4eB8BDcb80994a69b5951a63C,2.0
polygon,0x90e9Ecc016A6971Cd28ceE85C53e72517A451a38,952.628185
polygon,0x74FC9058e5fc25c23C628ddfa9E2d95967d3f11f,0.008917
polygon,0x66EC0Da50B1B54A52817417FE1A92dF7A961d149,2.500002
polygon,0x5161716F02ebDdE4eB8BDcb80994a69b5951a63C,0.283381
polygon,0xC7d15f80A49F396e9D5B0c07DB9D727deEaE52fc,315.129494
polygon,0x19A313d0D3eF1Cd269817aE4f943DFf55CfF2568,3.436325
polygon,0xAaF79B2956080cdfb589216db4f3cfb5c3A33A59,6.812583
polygon,0x831Db56a947c2A680A0Ac4700A87f98Db32328D8,0.01
polygon,0x108706524972d0E44936B34109de5bf18Ed60c67,0.01
polygon,0x4A228f14d2130E8E4636418B52aAF3D6b4E887D3,0.01
polygon,0x4d68BF377995c478bb8D3bB1eDE71502c7E55E94,0.01
polygon,0x90e06d2d9705c181Bad2A4e7c3DcA13631a6f479,50.0
polygon,0x25FA68A4c340202737EDBC67fD1a2Ec8DE872dB6,1.0
polygon,0xdAc7a91516112703448B5d1fbC8B679fcE838E8A,0.01
polygon,0x2446f1a75162F045d02F23D1D3b0F5A2C0f9A4cB,0.005327
polygon,0xa9E14C1DF751dC3E710fCB3A92019667ae7fCF2D,0.01
polygon,0x605203FA80FB81b3AcdCa5b26fA7cBC8F9CaCFcE,0.510239
polygon,0x0754F1Df5f57C969E82a4E6e9d1f1c7D04Df7587,0.001
polygon,0x1415517e51Cd6b8cca8C1Da56400ff47aab03644,0.2
polygon,0x59c6D0c21d9700F3dbD25c7533C87ebA53fFbFff,0.03
polygon,0x90e9Ecc016A6971Cd28ceE85C53e72517A451a38,3500.0
polygon,0x90e9Ecc016A6971Cd28ceE85C53e72517A451a38,998.644005
polygon,0x90e9Ecc016A6971Cd28ceE85C53e72517A451a38,27.721975
polygon,0x6F4109bF65c9f896A43A11F00E65bF5Cc75C9bcb,0.04
polygon,0xE53F4d44c45dBc16a20aB64f8a8B4404dDbBefEC,2.233924
polygon,0x24caa63Ed5FbB4E3EbA71D5e10930fdAe1eB7171,433.767551
polygon,0xcC6cEaF8C8A3E55Da475Dd043A846520676Fc7E9,8.366346
polygon,0x00FdDf15962fd7a4381E83dC82645Cf2a45db33D,1.0
polygon,0x3953EdC69Bfad109C8B6A94070Adb327CBe40F07,0.01
polygon,0x00FdDf15962fd7a4381E83dC82645Cf2a45db33D,0.124165
polygon,0x00FdDf15962fd7a4381E83dC82645Cf2a45db33D,1.0
polygon,0x2562065110e58B3520f08eE7F28FFcD8D1e48718,0.1
polygon,0xC7d15f80A49F396e9D5B0c07DB9D727deEaE52fc,1.628725
polygon,0xa9811f9f6B8bCA7f9F91f850A98310e63FBB7326,0.1
polygon,0x42125778903390bb64db3ca0Be70A8Fae77dA872,10.615932
polygon,0xC7d15f80A49F396e9D5B0c07DB9D727deEaE52fc,506.936994
polygon,0x5B1899D88b4Ff0Cf5A34651e7CE7164398211C66,10.0
polygon,0xC7d15f80A49F396e9D5B0c07DB9D727deEaE52fc,5000.022862
polygon,0x5161716F02ebDdE4eB8BDcb80994a69b5951a63C,3.0
polygon,0x5161716F02ebDdE4eB8BDcb80994a69b5951a63C,5.0
polygon,0xAaF79B2956080cdfb589216db4f3cfb5c3A33A59,342.1945
polygon,0x035f23Cf31b863F8370A865e3D6442257C582887,24.764833
polygon,0xC7d15f80A49F396e9D5B0c07DB9D727deEaE52fc,795.408335
polygon,0xF6846BD459bF7FB9132c4453206933252A197636,20.128563
polygon,0x90e9Ecc016A6971Cd28ceE85C53e72517A451a38,89.872453
polygon,0x6FeF8A579fD2ab7Db03dB9d27E6E5aB2422829e1,300.0
polygon,0x831Db56a947c2A680A0Ac4700A87f98Db32328D8,0.01
polygon,0x4A228f14d2130E8E4636418B52aAF3D6b4E887D3,0.01
polygon,0x4A228f14d2130E8E4636418B52aAF3D6b4E887D3,0.01
polygon,0x108706524972d0E44936B34109de5bf18Ed60c67,0.000098
polygon,0x4d68BF377995c478bb8D3bB1eDE71502c7E55E94,0.001
polygon,0x25FA68A4c340202737EDBC67fD1a2Ec8DE872dB6,1.0
polygon,0x2446f1a75162F045d02F23D1D3b0F5A2C0f9A4cB,0.005326
polygon,0xa9E14C1DF751dC3E710fCB3A92019667ae7fCF2D,0.01
polygon,0xdAc7a91516112703448B5d1fbC8B679fcE838E8A,0.01
polygon,0x90e06d2d9705c181Bad2A4e7c3DcA13631a6f479,5.0
polygon,0x605203FA80FB81b3AcdCa5b26fA7cBC8F9CaCFcE,0.971804
polygon,0x0754F1Df5f57C969E82a4E6e9d1f1c7D04Df7587,0.001
polygon,0x1415517e51Cd6b8cca8C1Da56400ff47aab03644,0.2
polygon,0x59c6D0c21d9700F3dbD25c7533C87ebA53fFbFff,0.03
polygon,0x90e9Ecc016A6971Cd28ceE85C53e72517A451a38,1000.0
polygon,0xFa93c9A95727268b88Ff77b5396ED3B8b59a1BA1,0.1
polygon,0x04E09A7992Ef93349A01a333196dE7f39822a03C,1.01
polygon,0x04E09A7992Ef93349A01a333196dE7f39822a03C,0.055417
polygon,0x5E2D0735a33FfA5164BD6bbe33fB8fd1D8274FC3,12.703435
polygon,0x57633232818Ad46e9582Ed333eB5e797909398aa,0.214744
polygon,0xFee285cf79719FC3552c5F7c540554f09DAdAD21,0.099999
polygon,0x90e9Ecc016A6971Cd28ceE85C53e72517A451a38,75.506726
polygon,0xC7d15f80A49F396e9D5B0c07DB9D727deEaE52fc,1667.0
polygon,0x5161716F02ebDdE4eB8BDcb80994a69b5951a63C,2.5
polygon,0xC7d15f80A49F396e9D5B0c07DB9D727deEaE52fc,267.991948
polygon,0x6FeF8A579fD2ab7Db03dB9d27E6E5aB2422829e1,1.923335
polygon,0x90e9Ecc016A6971Cd28ceE85C53e72517A451a38,200.209795
polygon,0xAaF79B2956080cdfb589216db4f3cfb5c3A33A59,0.469072
polygon,0xC7d15f80A49F396e9D5B0c07DB9D727deEaE52fc,67.071327
polygon,0xAaF79B2956080cdfb589216db4f3cfb5c3A33A59,1.882144
polygon,0xC7d15f80A49F396e9D5B0c07DB9D727deEaE52fc,2.106151
polygon,0x90e9Ecc016A6971Cd28ceE85C53e72517A451a38,52.831556
polygon,0x831Db56a947c2A680A0Ac4700A87f98Db32328D8,0.01
polygon,0x4A228f14d2130E8E4636418B52aAF3D6b4E887D3,0.01
polygon,0x4d68BF377995c478bb8D3bB1eDE71502c7E55E94,0.00001
polygon,0x108706524972d0E44936B34109de5bf18Ed60c67,0.026661
polygon,0x108706524972d0E44936B34109de5bf18Ed60c67,0.026661
polygon,0x25FA68A4c340202737EDBC67fD1a2Ec8DE872dB6,1.0
polygon,0xdAc7a91516112703448B5d1fbC8B679fcE838E8A,0.01
polygon,0xa9E14C1DF751dC3E710fCB3A92019667ae7fCF2D,0.01
polygon,0x2446f1a75162F045d02F23D1D3b0F5A2C0f9A4cB,0.00399
polygon,0xdAc7a91516112703448B5d1fbC8B679fcE838E8A,0.01
polygon,0x90e06d2d9705c181Bad2A4e7c3DcA13631a6f479,5.0
polygon,0x605203FA80FB81b3AcdCa5b26fA7cBC8F9CaCFcE,0.510238
polygon,0x0754F1Df5f57C969E82a4E6e9d1f1c7D04Df7587,0.001
polygon,0x1415517e51Cd6b8cca8C1Da56400ff47aab03644,0.01
polygon,0x59c6D0c21d9700F3dbD25c7533C87ebA53fFbFff,0.04
polygon,0xAaF79B2956080cdfb589216db4f3cfb5c3A33A59,2.904486
polygon,0x5161716F02ebDdE4eB8BDcb80994a69b5951a63C,79.470569
polygon,0x5161716F02ebDdE4eB8BDcb80994a69b5951a63C,2.895599
polygon,0xC7d15f80A49F396e9D5B0c07DB9D727deEaE52fc,2000.0
polygon,0xC7d15f80A49F396e9D5B0c07DB9D727deEaE52fc,10.279797
polygon,0xC7d15f80A49F396e9D5B0c07DB9D727deEaE52fc,0.517353
polygon,0x6FeF8A579fD2ab7Db03dB9d27E6E5aB2422829e1,11.83919
polygon,0xAaF79B2956080cdfb589216db4f3cfb5c3A33A59,3.839506
polygon,0x90e9Ecc016A6971Cd28ceE85C53e72517A451a38,150.73875
polygon,0xAaF79B2956080cdfb589216db4f3cfb5c3A33A59,75.000002
polygon,0x90e9Ecc016A6971Cd28ceE85C53e72517A451a38,11.570179
polygon,0x90e9Ecc016A6971Cd28ceE85C53e72517A451a38,5.094896
polygon,0xAaF79B2956080cdfb589216db4f3cfb5c3A33A59,0.737884
polygon,0xC7d15f80A49F396e9D5B0c07DB9D727deEaE52fc,300.0
polygon,0x6FeF8A579fD2ab7Db03dB9d27E6E5aB2422829e1,1700.000001
polygon,0x831Db56a947c2A680A0Ac4700A87f98Db32328D8,0.01
polygon,0x831Db56a947c2A680A0Ac4700A87f98Db32328D8,0.01
polygon,0x4A228f14d2130E8E4636418B52aAF3D6b4E887D3,0.01
polygon,0x108706524972d0E44936B34109de5bf18Ed60c67,0.01
polygon,0x4d68BF377995c478bb8D3bB1eDE71502c7E55E94,0.000101
polygon,0x25FA68A4c340202737EDBC67fD1a2Ec8DE872dB6,1.0
polygon,0xa9E14C1DF751dC3E710fCB3A92019667ae7fCF2D,0.01
polygon,0x2446f1a75162F045d02F23D1D3b0F5A2C0f9A4cB,0.00399
polygon,0xdAc7a91516112703448B5d1fbC8B679fcE838E8A,0.01
polygon,0x90e06d2d9705c181Bad2A4e7c3DcA13631a6f479,4.999995
polygon,0x0754F1Df5f57C969E82a4E6e9d1f1c7D04Df7587,0.001
polygon,0x1415517e51Cd6b8cca8C1Da56400ff47aab03644,0.3
polygon,0x59c6D0c21d9700F3dbD25c7533C87ebA53fFbFff,0.02
polygon,0x66EC0Da50B1B54A52817417FE1A92dF7A961d149,4.296832
polygon,0x6FeF8A579fD2ab7Db03dB9d27E6E5aB2422829e1,513.600684
polygon,0x90e9Ecc016A6971Cd28ceE85C53e72517A451a38,2500.0
polygon,0x6F4109bF65c9f896A43A11F00E65bF5Cc75C9bcb,0.1
polygon,0xbB0681e131d704cb86bdA625A730c7866e262A3A,0.107511
polygon,0x01b7D2F271fA4fEF54d47b3b58FbC0dB41D800eB,62.356695
polygon,0xC7d15f80A49F396e9D5B0c07DB9D727deEaE52fc,115.0
polygon,0xC7d15f80A49F396e9D5B0c07DB9D727deEaE52fc,200.0
polygon,0xC7d15f80A49F396e9D5B0c07DB9D727deEaE52fc,133.760806
polygon,0xAaF79B2956080cdfb589216db4f3cfb5c3A33A59,0.533391
polygon,0x01b7D2F271fA4fEF54d47b3b58FbC0dB41D800eB,17.52591
polygon,0xAaF79B2956080cdfb589216db4f3cfb5c3A33A59,3.85372
polygon,0xAaF79B2956080cdfb589216db4f3cfb5c3A33A59,200.324725
polygon,0xC7d15f80A49F396e9D5B0c07DB9D727deEaE52fc,225.697102
polygon,0xC7d15f80A49F396e9D5B0c07DB9D727deEaE52fc,300.0
polygon,0x19A313d0D3eF1Cd269817aE4f943DFf55CfF2568,4.12006
polygon,0x831Db56a947c2A680A0Ac4700A87f98Db32328D8,0.01
polygon,0x4A228f14d2130E8E4636418B52aAF3D6b4E887D3,0.01
polygon,0x108706524972d0E44936B34109de5bf18Ed60c67,0.019996
polygon,0x108706524972d0E44936B34109de5bf18Ed60c67,0.009999
polygon,0x4d68BF377995c478bb8D3bB1eDE71502c7E55E94,0.001
polygon,0xB7249313d22590f7d336Fb256cae48eB96bb1547,1.0
polygon,0x25FA68A4c340202737EDBC67fD1a2Ec8DE872dB6,0.791861
polygon,0xa9E14C1DF751dC3E710fCB3A92019667ae7fCF2D,0.01
polygon,0x2446f1a75162F045d02F23D1D3b0F5A2C0f9A4cB,0.003897
polygon,0x90e06d2d9705c181Bad2A4e7c3DcA13631a6f479,4.9999
polygon,0xdAc7a91516112703448B5d1fbC8B679fcE838E8A,0.01
polygon,0x605203FA80FB81b3AcdCa5b26fA7cBC8F9CaCFcE,0.871803
polygon,0x0754F1Df5f57C969E82a4E6e9d1f1c7D04Df7587,0.001
polygon,0x1415517e51Cd6b8cca8C1Da56400ff47aab03644,0.25
polygon,0x59c6D0c21d9700F3dbD25c7533C87ebA53fFbFff,0.025
polygon,0xAaF79B2956080cdfb589216db4f3cfb5c3A33A59,2.975212
polygon,0x90e9Ecc016A6971Cd28ceE85C53e72517A451a38,2000.0
polygon,0xcb7660FA622b497c0FbFd50dF65fAc7a0014283f,0.25
polygon,0x1c0adf1f864339D8a5055472F0693cC3Ac04A5b3,0.009999
polygon,0x03d6C99f3Aae91937612BA0e2843C2405e01850d,4.99991
polygon,0x00FdDf15962fd7a4381E83dC82645Cf2a45db33D,0.047236
polygon,0x81FEA9f8b7b80484316Aee6Ef8FbD967e6cC4318,0.258629
polygon,0x62af4aE284b71FD83B5eebdAda0743590B139531,6.057006
polygon,0xC7d15f80A49F396e9D5B0c07DB9D727deEaE52fc,600.0
polygon,0xC7d15f80A49F396e9D5B0c07DB9D727deEaE52fc,5.023787
polygon,0xAaF79B2956080cdfb589216db4f3cfb5c3A33A59,53.302536
polygon,0xAaF79B2956080cdfb589216db4f3cfb5c3A33A59,45.800789
polygon,0xAaF79B2956080cdfb589216db4f3cfb5c3A33A59,22.962674
polygon,0x49EdA9C3F0CD41417349881a775C61C47E659396,41.113013
polygon,0x831Db56a947c2A680A0Ac4700A87f98Db32328D8,0.01
polygon,0x4A228f14d2130E8E4636418B52aAF3D6b4E887D3,0.01
polygon,0x108706524972d0E44936B34109de5bf18Ed60c67,0.009998
polygon,0x4d68BF377995c478bb8D3bB1eDE71502c7E55E94,0.0001
polygon,0x25FA68A4c340202737EDBC67fD1a2Ec8DE872dB6,1.0
polygon,0xa9E14C1DF751dC3E710fCB3A92019667ae7fCF2D,0.01
polygon,0x2446f1a75162F045d02F23D1D3b0F5A2C0f9A4cB,0.003896
polygon,0x90e06d2d9705c181Bad2A4e7c3DcA13631a6f479,5.0
polygon,0xdAc7a91516112703448B5d1fbC8B679fcE838E8A,0.01
polygon,0x01b7D2F271fA4fEF54d47b3b58FbC0dB41D800eB,30.555139
polygon,0x0754F1Df5f57C969E82a4E6e9d1f1c7D04Df7587,0.001
polygon,0x1415517e51Cd6b8cca8C1Da56400ff47aab03644,0.31
polygon,0x59c6D0c21d9700F3dbD25c7533C87ebA53fFbFff,0.016
polygon,0x90e9Ecc016A6971Cd28ceE85C53e72517A451a38,306.337558
polygon,0xC7d15f80A49F396e9D5B0c07DB9D727deEaE52fc,1400.0
polygon,0xc0c6Be31753D48878d70a399d8Fd3e3CA181c005,13.31
polygon,0xC7d15f80A49F396e9D5B0c07DB9D727deEaE52fc,50.0
polygon,0xC7d15f80A49F396e9D5B0c07DB9D727deEaE52fc,135.810111
polygon,0xC7d15f80A49F396e9D5B0c07DB9D727deEaE52fc,117.894185
polygon,0xC7d15f80A49F396e9D5B0c07DB9D727deEaE52fc,180.0
polygon,0x831Db56a947c2A680A0Ac4700A87f98Db32328D8,0.01
polygon,0x4A228f14d2130E8E4636418B52aAF3D6b4E887D3,0.01
polygon,0x108706524972d0E44936B34109de5bf18Ed60c67,0.01
polygon,0x25FA68A4c340202737EDBC67fD1a2Ec8DE872dB6,1.0
polygon,0xa9E14C1DF751dC3E710fCB3A92019667ae7fCF2D,0.01
polygon,0x2446f1a75162F045d02F23D1D3b0F5A2C0f9A4cB,0.007793
polygon,0x90e06d2d9705c181Bad2A4e7c3DcA13631a6f479,4.999992
polygon,0xdAc7a91516112703448B5d1fbC8B679fcE838E8A,0.01
polygon,0x0754F1Df5f57C969E82a4E6e9d1f1c7D04Df7587,0.001
polygon,0x1415517e51Cd6b8cca8C1Da56400ff47aab03644,1.0
polygon,0x59c6D0c21d9700F3dbD25c7533C87ebA53fFbFff,0.023
polygon,0xC7d15f80A49F396e9D5B0c07DB9D727deEaE52fc,900.0
polygon,0xC7d15f80A49F396e9D5B0c07DB9D727deEaE52fc,30.0
polygon,0xC7d15f80A49F396e9D5B0c07DB9D727deEaE52fc,135.810112
polygon,0x831Db56a947c2A680A0Ac4700A87f98Db32328D8,0.01
polygon,0x4A228f14d2130E8E4636418B52aAF3D6b4E887D3,0.01
polygon,0x108706524972d0E44936B34109de5bf18Ed60c67,0.01
polygon,0x108706524972d0E44936B34109de5bf18Ed60c67,0.01
polygon,0x25FA68A4c340202737EDBC67fD1a2Ec8DE872dB6,0.7
polygon,0xa9E14C1DF751dC3E710fCB3A92019667ae7fCF2D,0.01
polygon,0x2446f1a75162F045d02F23D1D3b0F5A2C0f9A4cB,0.00779
polygon,0x90e06d2d9705c181Bad2A4e7c3DcA13631a6f479,4.999995
polygon,0x0754F1Df5f57C969E82a4E6e9d1f1c7D04Df7587,0.001
polygon,0x1415517e51Cd6b8cca8C1Da56400ff47aab03644,0.6
polygon,0x59c6D0c21d9700F3dbD25c7533C87ebA53fFbFff,0.024999
arbitrum,0xAaF79B2956080cdfb589216db4f3cfb5c3A33A59,194.354928
arbitrum,0xC7d15f80A49F396e9D5B0c07DB9D727deEaE52fc,200.0
arbitrum,0xAaF79B2956080cdfb589216db4f3cfb5c3A33A59,32.270019
arbitrum,0xC7d15f80A49F396e9D5B0c07DB9D727deEaE52fc,200.0
arbitrum,0x831Db56a947c2A680A0Ac4700A87f98Db32328D8,0.01
arbitrum,0x90e06d2d9705c181Bad2A4e7c3DcA13631a6f479,5.0
arbitrum,0xAaF79B2956080cdfb589216db4f3cfb5c3A33A59,109.760203
arbitrum,0x90e9Ecc016A6971Cd28ceE85C53e72517A451a38,900.0
arbitrum,0x66EC0Da50B1B54A52817417FE1A92dF7A961d149,38.500983
arbitrum,0x01b7D2F271fA4fEF54d47b3b58FbC0dB41D800eB,17.366512
arbitrum,0xC7d15f80A49F396e9D5B0c07DB9D727deEaE52fc,200.0
arbitrum,0xAaF79B2956080cdfb589216db4f3cfb5c3A33A59,60.48141
arbitrum,0xAaF79B2956080cdfb589216db4f3cfb5c3A33A59,4.104592
arbitrum,0x66EC0Da50B1B54A52817417FE1A92dF7A961d149,25.035271
arbitrum,0xC7d15f80A49F396e9D5B0c07DB9D727deEaE52fc,300.0
arbitrum,0xAaF79B2956080cdfb589216db4f3cfb5c3A33A59,33.480035
arbitrum,0x5Ec869c1Cb378bb77Bc55BB56129399f6828c8C5,28.897769
arbitrum,0xC7d15f80A49F396e9D5B0c07DB9D727deEaE52fc,100.087046
arbitrum,0x90e06d2d9705c181Bad2A4e7c3DcA13631a6f479,4.949998
arbitrum,0xAaF79B2956080cdfb589216db4f3cfb5c3A33A59,97.418908
arbitrum,0x90e9Ecc016A6971Cd28ceE85C53e72517A451a38,900.0
arbitrum,0x90e9Ecc016A6971Cd28ceE85C53e72517A451a38,519.347976
arbitrum,0xeEDc178E4ad2fE7ceBFbA111bff11E8E0AD106aD,2408.011126
arbitrum,0x66EC0Da50B1B54A52817417FE1A92dF7A961d149,96.539687
arbitrum,0xC7d15f80A49F396e9D5B0c07DB9D727deEaE52fc,84.244521
arbitrum,0xC7d15f80A49F396e9D5B0c07DB9D727deEaE52fc,200.45869
arbitrum,0xC7d15f80A49F396e9D5B0c07DB9D727deEaE52fc,40.0
arbitrum,0xF6846BD459bF7FB9132c4453206933252A197636,7.500002
arbitrum,0xAaF79B2956080cdfb589216db4f3cfb5c3A33A59,188.507331
arbitrum,0xC7d15f80A49F396e9D5B0c07DB9D727deEaE52fc,202.417343
arbitrum,0x90e06d2d9705c181Bad2A4e7c3DcA13631a6f479,5.0
arbitrum,0xAaF79B2956080cdfb589216db4f3cfb5c3A33A59,1.238641
arbitrum,0xAaF79B2956080cdfb589216db4f3cfb5c3A33A59,5.682358
arbitrum,0xAaF79B2956080cdfb589216db4f3cfb5c3A33A59,82.719988
arbitrum,0xAaF79B2956080cdfb589216db4f3cfb5c3A33A59,97.123472
arbitrum,0xC7d15f80A49F396e9D5B0c07DB9D727deEaE52fc,100.0
arbitrum,0xC7d15f80A49F396e9D5B0c07DB9D727deEaE52fc,109.657342
arbitrum,0xC7d15f80A49F396e9D5B0c07DB9D727deEaE52fc,327.733563
arbitrum,0xC7d15f80A49F396e9D5B0c07DB9D727deEaE52fc,102.457653
arbitrum,0x90e06d2d9705c181Bad2A4e7c3DcA13631a6f479,5.0
arbitrum,0x90e9Ecc016A6971Cd28ceE85C53e72517A451a38,3090.758154
arbitrum,0x49EdA9C3F0CD41417349881a775C61C47E659396,64.348431
arbitrum,0xC7d15f80A49F396e9D5B0c07DB9D727deEaE52fc,276.366202
arbitrum,0xC7d15f80A49F396e9D5B0c07DB9D727deEaE52fc,300.0
arbitrum,0xAaF79B2956080cdfb589216db4f3cfb5c3A33A59,29.166466
arbitrum,0xC7d15f80A49F396e9D5B0c07DB9D727deEaE52fc,250.0
arbitrum,0x90e06d2d9705c181Bad2A4e7c3DcA13631a6f479,5.0
arbitrum,0x19A313d0D3eF1Cd269817aE4f943DFf55CfF2568,30.038584
arbitrum,0xC7d15f80A49F396e9D5B0c07DB9D727deEaE52fc,73.964512
arbitrum,0xC7d15f80A49F396e9D5B0c07DB9D727deEaE52fc,25.0
arbitrum,0x49EdA9C3F0CD41417349881a775C61C47E659396,65.886033
arbitrum,0x49EdA9C3F0CD41417349881a775C61C47E659396,50.398852
arbitrum,0xAaF79B2956080cdfb589216db4f3cfb5c3A33A59,76.006527
arbitrum,0xAaF79B2956080cdfb589216db4f3cfb5c3A33A59,3.0203
arbitrum,0x49EdA9C3F0CD41417349881a775C61C47E659396,50.906169
arbitrum,0x90e06d2d9705c181Bad2A4e7c3DcA13631a6f479,5.0
arbitrum,0xAaF79B2956080cdfb589216db4f3cfb5c3A33A59,13.68026
arbitrum,0xAaF79B2956080cdfb589216db4f3cfb5c3A33A59,6.627048
arbitrum,0xeEDc178E4ad2fE7ceBFbA111bff11E8E0AD106aD,950.0
arbitrum,0xAaF79B2956080cdfb589216db4f3cfb5c3A33A59,138.305901
arbitrum,0x90e06d2d9705c181Bad2A4e7c3DcA13631a6f479,5.0
arbitrum,0x90e06d2d9705c181Bad2A4e7c3DcA13631a6f479,25.0
arbitrum,0x725b629153C9ec6A3BF5FA96608C345711eece5E,1.804436
arbitrum,0x90e06d2d9705c181Bad2A4e7c3DcA13631a6f479,105.0
arbitrum,0x90e06d2d9705c181Bad2A4e7c3DcA13631a6f479,550.0
arbitrum,0x19A313d0D3eF1Cd269817aE4f943DFf55CfF2568,30.43044
arbitrum,0x66EC0Da50B1B54A52817417FE1A92dF7A961d149,2.145395
arbitrum,0xAaF79B2956080cdfb589216db4f3cfb5c3A33A59,13.070203
arbitrum,0xC7d15f80A49F396e9D5B0c07DB9D727deEaE52fc,1.652381
arbitrum,0xC7d15f80A49F396e9D5B0c07DB9D727deEaE52fc,543.318241
arbitrum,0xAaF79B2956080cdfb589216db4f3cfb5c3A33A59,96.680827
arbitrum,0x66EC0Da50B1B54A52817417FE1A92dF7A961d149,63.79089
arbitrum,0xC7d15f80A49F396e9D5B0c07DB9D727deEaE52fc,504.795659
zkevm,0x90e9Ecc016A6971Cd28ceE85C53e72517A451a38,1249.377915
zkevm,0xAaF79B2956080cdfb589216db4f3cfb5c3A33A59,21.822215
zkevm,0xb772565dFd2115a43B05779CBA608Cbb2D559508,4.975598
zkevm,0x2bC12061C8912505978472C21d4a23dB43AF62aA,2.1
zkevm,0xE8c2f86ACC0fdC0E7a4d631895aAF013bC480F6b,2.5
zkevm,0x1518fcd87D333B632C28596F2DDa8B8fA20c5f75,0.009998
zkevm,0xCd0D4CDb238Eec15Fcf4ff9d13d5a59051E507D7,2.0
zkevm,0xaD5215C086147c1bC8a197A05cD30434230F0dc5,0.01
zkevm,0x15116eD5D1e5038737C01E55C39d4aC50f1cad28,0.01
zkevm,0xb74Cf5BcA30ce8b7AEb484CcD21A3204040141D1,1.237702
zkevm,0xAcd54246EDa0c5638a247C4717a8782c21497eb6,0.1
zkevm,0x20628b67CE5CdDac1CB95198C0fF5271f39fc048,0.5
zkevm,0xeAE326EabC4bA98c196c9a8efEc46278f2818332,0.01
zkevm,0x13Ae56e4353b0103Cf90B0925B0fC88014c13380,1.0
zkevm,0x0671D77376069262cc075746eAF8Bfe82B008C1C,5.0
zkevm,0xC9b74F142653F77219d78EB73cBd8994813a3060,3.999946
zkevm,0x526a27AFCaAFB834d7d4A4f0A142c0D55d24FbC8,0.01
zkevm,0xEEFa4ee58189920b8B5EDF10D3E5D0Cf0791Dcdc,2.0
zkevm,0x69Aea131aa2c758e65afFb07aDAC06A9d42d42fF,0.01
zkevm,0xA28A89C9d6A52F2F5a64E3f3b764ED686FBD76EB,1.0
zkevm,0xcc2A1feA3C4d374FeFA1Ab3F601107E141Ed3514,0.175477
zkevm,0xd1dEEB313991dC81CA172f5C9e463d3DE1C3875f,0.983943
zkevm,0x76E059C6FF6bf9FFFD5f33AFdf4AB2FD511C9DF4,0.1
zkevm,0x90811C6839f1a792104B9eD1c54290ba1dD60D98,2.938197
zkevm,0x32582bf048c8d04ef7Ed8b5DE78B21562c62B448,0.1
zkevm,0xdC49838921C8690e1eBFb4f17568caF7B1Ad566C,3.165071
zkevm,0x42f36d45381e3f5D9443E872b6192aaf0DB55b53,7.047662
zkevm,0x075362B50E2a7078E99c037986Ef2419EDA154D0,0.01
zkevm,0xBd9208BF4CB887faB745D7029De0a130a62BF1bD,4.960424
zkevm,0x6F4109bF65c9f896A43A11F00E65bF5Cc75C9bcb,0.1
zkevm,0x7910788C99EFa33BD3d37A245061588AA32f3Ee6,0.1
zkevm,0x020B0D4c844E0dBcA51C9AB779DF0191978c0359,1.0
zkevm,0xCcC522dcddCDa0F5D1158a820A5931cBf35b126d,1.0
zkevm,0xffB1ae28E3063A0b1006848766c13a8081b3a66D,0.225024
zkevm,0x15b459D696D812591bCc1Acf37e4B5f11bA6F2a9,0.1
zkevm,0xccb59210dfd52965cbc43A40905d582E458eCb8b,1.0
zkevm,0x80b645Fb98cC3037816305A07bAB870e58091E74,9.497677
zkevm,0xdD65C5E9d1D4124A4730A9BaD9BA5784F9B1d1EC,1.0
zkevm,0x67D645828C55BEb21513efCC753Df032b31fB507,24.91461
zkevm,0xa54D6FD8143Af647F49D57f98db806376040868a,2.294642
zkevm,0x1AFe8A03214Bf47300c2b3B7918ffDa98Fb359C8,0.1
zkevm,0x90e9Ecc016A6971Cd28ceE85C53e72517A451a38,800.0
zkevm,0xEF125E49fB1a1BC5F8025b364Ca5486368ff87a9,0.001
zkevm,0xA9Cb3E58056e9B350C7Ef649A3df0f1cc94EeeE7,4.946391
zkevm,0x9EfF5B715d0E2C0ecDacB029C742dD516A751213,1.0
zkevm,0xcC6cEaF8C8A3E55Da475Dd043A846520676Fc7E9,2.478003
zkevm,0x4475e2a824a1e38D17A5dce389B9aB5dF3de186f,0.1
zkevm,0x228a131932C1c5F37f8a957AEec97BAC0CE5470E,1.0
zkevm,0xFe8Df8abCb7b18011bEA370866B524E90C34690C,0.01
zkevm,0x0C610Dc0321d77Fb25a155eC3BFb0BA5b028EF78,0.1
zkevm,0x9a1e602F2741EeDC6dBaF5025530c6dcFB5C7cb6,4.743363
zkevm,0x76E6089EC703E9629A13b7adFB2921c27F8228a5,2.0
zkevm,0x79Bdda65C706CBdA69C0AD4C8da1d3e91724f48D,1.0
zkevm,0x83bbe9CFCc205bb8E53cBa0b51d6db9386CE58B5,1.0
zkevm,0xD6706f0CC8522326142A645588B554F9378a0AD6,0.1
zkevm,0x57633232818Ad46e9582Ed333eB5e797909398aa,0.01
zkevm,0x46362F584Df307fC5a4CBe4C55e20be7B389F9DF,110.591112
zkevm,0x40931c4C739D394E9F2235e93E30CB0C697E2F84,0.0001
zkevm,0xbad35FA6e368e90fC4faf63507F2D0A2Fdf94BAF,0.5
zkevm,0xeC5Bd96b1ba3939510f29Ae906f44C374c935bA1,1.0
zkevm,0x5A19C6B67C45aDaDC6A521B8cB775A279009b723,0.1
zkevm,0x5352B6ddEe06C27a545cc86924f078A29e3453Ad,1.0
zkevm,0x431b5DDB0AcE97eBC3d936403ea25831BaD832B6,0.443317
zkevm,0xa7317B047c023FB304F776d04C55334869eC0773,2.0
zkevm,0x86A050eB5eBE79a9d53da8ED4351bA59A3f4D81D,1.0
zkevm,0x7a4510D033986aF688A0a8a9eF114D07A7b2A577,0.1
zkevm,0x3947217dc84E655d42371683A5b80f461903b294,3.100243
zkevm,0x90e06d2d9705c181Bad2A4e7c3DcA13631a6f479,7.0
zkevm,0xC1a23F274978C43726015803C25dCaa0F3f200Cf,1.0
zkevm,0xfE08945f392CF1873f2c5b1bd7C7401E452153a8,5.0
zkevm,0xfE744aEF67324Ccb15819206C3d91f2E58D53e4E,6.0
zkevm,0xAc7Ecf038Da58469d3D67c75bCA37d9117257dAA,2.0
zkevm,0x059213d0aDBD35DEf06aC6736C8bb310360C8a5D,0.01
zkevm,0x7bE47925B5b44C9F713DbAc829cc3F63854DF235,6.0
zkevm,0xbf5Fce55793c4188da85D4f03f8a4D94b1569024,5.0
zkevm,0x2Cfb9D58E798056dA692302A00fAC8f11b699039,5.0
zkevm,0x34EB5eb6b547a95f4D3DdA3b3AebA484e9d20aF1,0.665255
zkevm,0xA41DCEe235F7F8Ab2C7d8a3e36fdC63704c142ae,2.0
zkevm,0xE62F3215e1d8C166DA3632cd75D47F1FcfD947e0,0.124179
zkevm,0xEEECDF9946583E1624244DF5FC399121dFB4604e,4.789977
zkevm,0x33e996266941De0dEd2251dD859c2E7F4f35E526,0.01
zkevm,0xFc0e44ab7D4ce6b8Cf49Ba1AB96AeFE436A0ddE7,1.0
zkevm,0x5C57e2963CF801b52239F972976517E989d5F04C,1.0
zkevm,0xd360b09b4180988E8F97FB249e9284Ff98ABFECA,1.05
zkevm,0xD30d9f7B6989BbC6ebFa91F070f31127Bd1fA59A,0.2
zkevm,0x4143dfF1c63b5f8bC894938a973FA67fDb92841e,5.0
zkevm,0x04Ca76Cd80705829aC6d21D5Af780B6fED6aB2D2,1.0
zkevm,0x45946C7234838c4168e323aE7519F886e3A209fA,0.03
zkevm,0x331f3D886508eA95BaF9aC4C02Ef31F8Bf9F5BF5,0.01
zkevm,0x74D7C1A377367A13C2907F7796962B937A8cd0BD,0.01
zkevm,0x590Dd35af9a0364884E8aa2336c514ed39Ba6F54,0.01
zkevm,0xd7BaEc0Aa6B5aEeFA42A5a1E8C6e35a5DA9212f2,0.01
zkevm,0xA79347660288a8b1FA1a05252ee33d203FE72552,0.25113
zkevm,0xB1Ce3B8cf673F4b5c318d7222AA0dC1308Ed41aF,10.902385
zkevm,0x170F795e76d49659C17f3f97AF5a83B877528192,0.03
zkevm,0xb37eF95C9d352f96bc66E5b4e8Ab8F3eD94d91e0,1.1
zkevm,0x390c12C55d80439453B53c4F5A311D0aC6Fb1b33,1.1
zkevm,0x89F92dD656FaAfBf3040aD92020F84153173a740,0.01
zkevm,0xacDE9d569DE5D856C0d9De92D39195ddF7B95D1a,5.276395
zkevm,0xC61a5Ba93a4449bf22F6a787bc44DD68e96a2F42,1.514757
zkevm,0x383D9792E017a91780fB25041902c6B44D6eaAFd,5.017139
zkevm,0x16918E45837D222dE311648f2aFeE124F1A19d77,6.097297
zkevm,0x79e5de788B06Be111D3a62BDA759ACA69012e75F,2.200782
zkevm,0xd5e089906d0c759F27403f3db7AE76007cA09Dad,1.0
zkevm,0x4eF0B3D87CA4eB9f48022d77749E663C976f3DfB,1.0
zkevm,0x11916bDbb1B557Da2E718Ad665199434Feb6B087,0.001
zkevm,0xEfC0a8c1d08f04827A3Dec2e0b7b03c0Cc023eDc,0.046
zkevm,0x1ac1a90b1dCD33f7979be3aFa9DcD3B70b8A76A0,0.01
zkevm,0x4Ac756C7AfeD95CD7700124dDdc0EcC3Eb347BB7,0.012
zkevm,0x1093938Dd73424f96856F6188ac6E308934D778B,1.0
zkevm,0x8f692eFcD4D2f2ce9539c14e430eCE8E8bcE1f78,1.0
zkevm,0x4b414b9452afd243345107c972e9532872cF6ed9,3.177064
zkevm,0x5A3c676a3b7a356da8D579D7b181eC6273dE396d,3.42927
zkevm,0xFA1457caf448c66cE3c2E619ccD4fcFD317b61F6,3.367131
zkevm,0x6CC5191AA09c6d7D0678b98Bc15107C19d08D7F5,2.425279
zkevm,0x3130d52De9a0Bd3834B3578768583F50E11814D4,0.070999
zkevm,0x98231a159EE1e33d0088777aD968A8681A04D854,0.009175
zkevm,0x668FAB5429f363f87C17B1d9f7eaDa702CadAe1f,5.0
zkevm,0x429B9E5607694707DAD669e9de1cAa793FeA4a40,0.01
zkevm,0xe42870abB8F5453Bf9C24aCD56719c590E117910,17.992626
zkevm,0xF5F155dFc740A89FFaA17c4f6459aEc7D7206413,0.001
zkevm,0x2369C2fcAEE59BcEB82F7336c1B590bF7f864F78,2.164854
zkevm,0xD8623C5b259B0b15555002C6718e257c06685cD4,0.099999
zkevm,0xf50BE21ac1b3E95c38c761895d53df8ddF3aEb44,4.0
zkevm,0x9f3e6825D3677F0228153f01dA1DA9f9a856d688,0.1
zkevm,0x63A6bc4002B864e74131F730df612fE33383E367,6.0
zkevm,0x2687a83c367541913E80113Bd457DC2f04a512C7,1.0
zkevm,0x2562065110e58B3520f08eE7F28FFcD8D1e48718,5.0
zkevm,0x85E66244B3e5817C338450e98264b8A40bD6D3af,0.520443
zkevm,0xf21a6745f1353d738cBFA1f923f32De132Cc05e4,0.430279
zkevm,0xd7167507eF524cE17F39b698E7A9038eFc72DfD4,0.1
zkevm,0x8DB2a00d3EB54E33FD05549b1C1D8195a11c7B7B,5.0
zkevm,0xB2B1f686833717068d6c8111CE2E0104d4686699,0.1
zkevm,0x88dAfd252a47b91CBbf1a43F7AAE449076c06328,17.124053
zkevm,0x0B077122f44a0B0E0f65B056F963663f0C92f001,11.0
zkevm,0xd31A84c20bc430aD75E6a1903E7dDbee52211072,0.1
zkevm,0x90FD0101edBf11a023dA1e004b4b3B501Ca54545,1.25
zkevm,0xCC2F3f43a28dc59a0834b23Feeb84cfA2dc65A0B,10.0
zkevm,0x5ef59cbF04975c799bC3dd1E75a3DE70529C1D9A,5.0
zkevm,0x9C096647d2D23c21fACC1abc1F28E4801045bF92,0.1
zkevm,0x8973B1a90aDf0CEd3dbE26deAdd5A176ECb548f4,5.0
zkevm,0x182FCF35D9065375c0C74fccB13DffE912ca83B3,5.0
zkevm,0x62F25d0944a1B512a1d77e4dEde57F72FFC8ef25,5.03
zkevm,0xdAfe90208B6c89c1A20CBA7fAFe22571309FfA9A,0.01
zkevm,0x85D4691802DDc3cE58330aA90fc8374ED5720484,3.8
zkevm,0x6c0Bb7e3F03df86371F011182dC02994032909C3,1.0
zkevm,0x9866eeA6260c6eb5aC3DD077A91c3a8A0a8Fa1DE,1.0
zkevm,0x81cb7A3b214AF3c397575D175C29Dc5b92211895,1.0
zkevm,0x685c99E8780e5a7f158617cC2E9acc0e45a66120,0.1
zkevm,0xa881d7a802cb81EbB07ea398e3A48603A13D6448,14.273403
zkevm,0x5B7ab4B4B4768923cDdef657084223528C807963,3.0
zkevm,0x9Ce75cfaAf43d0494be5b09A5ED16C2Ad507309d,0.01282
zkevm,0xcee09ed3752Aee845f17c2819738D5B70372bA82,1.0
zkevm,0xF17b03b741bB7162bD5236203B59197d216b7F3D,10.0
zkevm,0x501Fa5AC4D0864fB4b6FC8FEF64280eD5a0b003c,0.1
zkevm,0x05dd4c2C7Eef0A12c7158b0D9Bd265764383635c,0.333991
zkevm,0x833d3897b09D0015b68f880CF72b5a3e6eB24F7a,0.01
zkevm,0x765BcD8828e3728d344F7693CafBDf925A130050,0.1
zkevm,0xF447B405fC7b41DDfeF3CF66EC790EaBd6b26A47,1.0
zkevm,0x09C6230e43aCDF4aA89CCAB18C5cFD3F780459B7,2.0
zkevm,0x06c54249A5cAb0b9917018014ae0e9CA54B70024,10.0
zkevm,0x2c6d438D7780618946D5473bDDBF251b716F223E,1.0
zkevm,0x868083B18c2d9C9d830B9FB9f6d0e883195d6912,1.0
zkevm,0x331B1d813c4156177f46e309A8B482Ce23f189bF,2.0
zkevm,0xaCbABbb5b96b0e2889C27496fa33e6f26081E1a2,2.868424
zkevm,0xd89D530bb61A6AcC8723583bAbB4D2F6bd43D558,1.0
zkevm,0x45d76E91FEe4BFA6A8733fEa7cf5A24484DfDa89,1.0
zkevm,0x6e7c4902c08E45B6a5D0578CF839C3348188D2EE,1.409054
zkevm,0xD21AEb00d9501Ce0EA2FD442BCF3Cd8DdB6de7Be,0.1
zkevm,0x90e9Ecc016A6971Cd28ceE85C53e72517A451a38,195.014524
zkevm,0xf970f7b32eD6CB64Bbe61Ab95A30e0665887500b,0.1
zkevm,0xa2D36f11E2225d1b89146F443350e825F15B8B68,5.121095
zkevm,0xE53F4d44c45dBc16a20aB64f8a8B4404dDbBefEC,0.785384
zkevm,0x1930b7F236d94E872A0b9DED104Ba092D85A3856,1.0
zkevm,0x9a10586aA206a401Ba50A168a847686d1E500dC6,0.1
zkevm,0x465c63680F2a0B4277d9b4CEcC3f3310e531A77f,0.01
zkevm,0x56D79fe635196e734cE29D7a8Ccd8014865E790C,0.110847
zkevm,0x7Bba80E55FeD1812974Ea0dB50E58D3f82348c1b,5.0
zkevm,0x9f97170F75732F1B9f9A5E4Bc39D7ed71059A368,2.0
zkevm,0x38F0C7d7e92422B68f2d5b4a388c05Df6D531F52,0.04
zkevm,0x714BEC23142375c1A6576A9B7cA302DD1B680237,500.000392
zkevm,0x714BEC23142375c1A6576A9B7cA302DD1B680237,1.0
zkevm,0x714BEC23142375c1A6576A9B7cA302DD1B680237,2.0
zkevm,0x714BEC23142375c1A6576A9B7cA302DD1B680237,1.0
zkevm,0x714BEC23142375c1A6576A9B7cA302DD1B680237,2.0
zkevm,0x714BEC23142375c1A6576A9B7cA302DD1B680237,5.0
zkevm,0x714BEC23142375c1A6576A9B7cA302DD1B680237,5.0
zkevm,0x714BEC23142375c1A6576A9B7cA302DD1B680237,5.1
zkevm,0x714BEC23142375c1A6576A9B7cA302DD1B680237,0.445421
zkevm,0x714BEC23142375c1A6576A9B7cA302DD1B680237,10.0
zkevm,0x714BEC23142375c1A6576A9B7cA302DD1B680237,6.200836
zkevm,0xb772565dFd2115a43B05779CBA608Cbb2D559508,1.0
zkevm,0x714BEC23142375c1A6576A9B7cA302DD1B680237,0.43
zkevm,0x714BEC23142375c1A6576A9B7cA302DD1B680237,10.0
zkevm,0x714BEC23142375c1A6576A9B7cA302DD1B680237,0.5
zkevm,0x90e9Ecc016A6971Cd28ceE85C53e72517A451a38,312.343728
zkevm,0xAaF79B2956080cdfb589216db4f3cfb5c3A33A59,20.446557
zkevm,0x5161716F02ebDdE4eB8BDcb80994a69b5951a63C,20.515888
zkevm,0x90e9Ecc016A6971Cd28ceE85C53e72517A451a38,30.0
zkevm,0xAaF79B2956080cdfb589216db4f3cfb5c3A33A59,4.917995
zkevm,0x3fD391AC74F0569F73BacD1a798aF04434bE2dC0,1.0
zkevm,0xF82b3a0CD76EF3DcFaF772c27b2a39F1e1915494,0.000161
zkevm,0x5Ead838728b05C62FffE65C894292688155cf7A3,1.554454
zkevm,0xcF5EBE07b64BB6B7ff66ba390B0A2c6Eb2DeDAcf,2.015946
zkevm,0xcF5EBE07b64BB6B7ff66ba390B0A2c6Eb2DeDAcf,1.51196
zkevm,0xCae9E579198f481C84E887d62ce09DB71B399AfB,1.0
zkevm,0x057Ab78cA022689c6A4937fA8fc43665346BDB1C,1.0
zkevm,0x057Ab78cA022689c6A4937fA8fc43665346BDB1C,2.0
zkevm,0xCae9E579198f481C84E887d62ce09DB71B399AfB,3.360085
zkevm,0x6565E1333cA9cD764faDb3cdF8Fe3fB245C9D611,1.0
zkevm,0x88DF022303F545C60Ca7D78F5feA208b0217E82F,1.5
zkevm,0x22dF8f85AD9850151582F89E37237Bf0517f87DD,5.397146
zkevm,0xb51A5a03B1C334263C7a611aC77536a3E745Dd0D,1.242675
zkevm,0x46331769A8a01947E07C310704893076a3409d36,11.0
zkevm,0x46331769A8a01947E07C310704893076a3409d36,11.0
zkevm,0x28ECb498b2f34Dd717AEE529de358005E88669e5,0.0375
zkevm,0x9DF087ADa77aF80F553DC0d2FB43C18dC5a6B444,0.1
zkevm,0xb300AA30dD33e1Ae849Cb69FA23D6Ddaf90a69BC,3.0
zkevm,0xACB821D963A1020FAa5b3Fe25b13035439D87eB6,1.0
zkevm,0x266178a48c50f104b53eD78ca8e3582dfcFbb286,1.0
zkevm,0xb43d843538635AEf1b49114BB72AE083ab63BE30,5.0
zkevm,0x9a74eC99Bd88ECA680485dA7F32FCa05Af375dcF,1.515704
zkevm,0x9a74eC99Bd88ECA680485dA7F32FCa05Af375dcF,1.136778
zkevm,0x9Cf90D30967486378255CD776DB6f52B863dBB84,9.864964
zkevm,0x900328c10dBF57Df58F9abA8f3093D650e937D02,20.0
zkevm,0xA2A8FF2AC4f5045aF0cdAB6F8A37Bc0072b13Fa5,0.01
zkevm,0xA2A8FF2AC4f5045aF0cdAB6F8A37Bc0072b13Fa5,0.021
zkevm,0x1A74d0285a569120AA2836CB2b0fa58038ADB800,0.01
zkevm,0x13Ae56e4353b0103Cf90B0925B0fC88014c13380,1.0
zkevm,0xc650C509D9e4a542e46ecDE38A986588F8Eb5636,5.0
zkevm,0x064cB0bB4c8ABE11935134aEE670C032D6833556,210.0
zkevm,0xDE3621B8Ecd32273eB12F8b5bd1d5D7Ea04B91b6,1.0
zkevm,0xB1658Bd148F54c1E59d85F7FDA511b558533b0Ca,0.1
zkevm,0xE58564b8Ce8344AFDFE3a111bC0B541ee7F5f7Fa,2.0
zkevm,0x72bA95D9701B0aE496AB4320010a43a764905b1b,0.0001
zkevm,0x543853fa91439F0ac1b746BeaA1a12C780FD31f0,0.5
zkevm,0x2FA5fCC93Ac9B373EF0065708330f7Cac493fEa7,1.32839
zkevm,0xcc2A1feA3C4d374FeFA1Ab3F601107E141Ed3514,0.05
zkevm,0xE986419F9eF0e6761f63F24B499074EFdfA80c43,2.0
zkevm,0xd3FcF505c396fcd9Bea7cf2EA74504e14e01662A,1.0
zkevm,0x29A6EA5a48bEC21C1C1110eea71a76fe520Fe525,0.1
zkevm,0x22dF8f85AD9850151582F89E37237Bf0517f87DD,2.698572
zkevm,0xF1E25B3486B90B46Cf0a828Ea1C068A951C2c930,1.2
zkevm,0x5dDeF75a8C992d0fdcb55cCC0195E70698113573,1.0
zkevm,0xa6e96DBB6B7d2c12062E70d3dEc87C4FE23f961f,0.1
zkevm,0xb91B0e319aF35145871a364f24D55F01F30c615f,9.945154
zkevm,0x52ac77e17aD92AdfFf2b28D44310fbfe09990C24,3.498626
zkevm,0xF6Ee1A630BC3eCd8C3fB11520d5952031D7b4C24,8.586736
zkevm,0x348032A573a17e2A68f1bc38f81534ef446Ca74a,10.210279
zkevm,0xC2E0bC3e80C17Ed8eDB58395286322f65cE45421,0.01
zkevm,0x4c890Dc20f7D99D0135396A08d07d1518a45a1DD,5.693413
zkevm,0xfC9f4DeF09e35bF3595f6f93dCB16dFFC3895973,1.89794
zkevm,0x8BdaB88305784De6c51B36A3f350a25F1b7A153a,1.0
zkevm,0xA2D35E418814A8b6367c66a5ac2FEc8ea16332b2,7.09799
zkevm,0xc486131964dBA3Ad4Be1e9Cc19E8915F63b50D90,1.0
zkevm,0xCBBA4A3aB07e76B57fd53e46f6fFd8Dea5DceD1B,24.879065
zkevm,0x7f29B17CaC3bC3507BeE3de080Ff1345a3f603B6,2.0
zkevm,0xB2DE54fd2D235a449b12A9Eb2B4100792948E1E3,0.163753
zkevm,0x29c7A1E7DA7256Fd389B3b89Afa2E5Fb88cDFcFE,1.0
zkevm,0xF7919c0fEdbA0a7e9a4A940b565e8Bf6010503Ed,0.1
zkevm,0x71DdF9AcF07d4b10d6E6318A913f2F9Ea4A0353E,1.222581
zkevm,0x069163954f83ee2b6867d44A8dbAF707ffd321e3,2.124997
zkevm,0xa689100C8feBcbDc92137B6A6BbBfDa305A6d319,0.5
zkevm,0x0Eb4d9dc612f691797883414a43CC4D7b5b372B7,10.196106
zkevm,0x0797e9E4f02ac298121a88BebD39560C47Cd5490,5.766604
zkevm,0xC2fa554c96051717aA32930833baC68747112e68,3.941454
zkevm,0xB38DE3AB2C0041c108EEDD147001f68796c28AE2,2.5
zkevm,0xd6A6FcE8E827293f934cA6b6FA7cEAc80CDCdDb5,0.11
zkevm,0xEF5FBB54167E20F1973e40Ef85528Ef9fBae5b5d,1.0
zkevm,0x99CB34E4291e16bc625B14332D45EdfB475aBb60,0.1
zkevm,0x90e9Ecc016A6971Cd28ceE85C53e72517A451a38,500.0
zkevm,0x872b52541EE3b7377c881BA6f9077226d9843687,0.014999
zkevm,0x14903764D8699DA79E185348AAfB8889A91759Ae,5.0
zkevm,0xB5679b9c560258f0BE5aFEaaDDcdbbB7468DE9fA,1.354823
zkevm,0x71eEAEB679B69D0773adB1923566c8390B10917a,10.0
zkevm,0xA0ccef674D175CA16FDdD809D94E79eEC3717AC1,0.2
zkevm,0xDA4e257275A686592a3Bc7c43Ab94526086ca281,21.883807
zkevm,0x829C0F59FF906fd617F84f6790AF18f440D0C108,0.01
zkevm,0xeFE5F5A0867FCa325bFcb83Ff519c74F9346a092,1.0
zkevm,0x2B29833a831207A3B92102b0708B32D624AA0F65,4.0
zkevm,0x1F99D1Bc5dCD5A87c6bCB40655A7438F99B6B601,10.0
zkevm,0x7a6CbD7A4562021FBdc0aC328c6C572Fd703087a,2.411571
zkevm,0xAE444cb621A9763d2Ca969F11779619eb79F68Da,0.05
zkevm,0x7EfDb662f6F415eE962c6B8e314f849F970DB637,0.2
zkevm,0x9C12E2863B83f0DCd65950e29e49E92e0Eaa0666,0.1
zkevm,0x051125dC742cA3beE3a341fc46CF282aeaC0D7C9,5.0
zkevm,0x543F7CcF5166Ba9C8AfB5e768ACcF9F401155370,0.896903
zkevm,0x02DEE6EcFe97a2B3F87319B0D85BB23A021Dc250,0.192057
zkevm,0xbA4ADe0aE8383FE47eA3843e5819462b923eF4EA,0.480881
zkevm,0xf55Ed3d5517f03089a31395Ee80Bcc2996486E53,10.69283
zkevm,0x444C9d7f500C7976e3484b641a1B6aF70102c86f,0.1
zkevm,0xb55ea0fdE86A664CA57E5E8ccEB7cbe774AB6f9F,1.0
zkevm,0x9a9A216AEf883e82eF920Ab1229A9BC4228Be88c,0.5
zkevm,0x6CFa99B2352163D70bd52de24CdBf553374B9335,0.01
zkevm,0xD94637aa5fC91C9Ad058CdC3dB2505ac7E3e9F54,0.0001
zkevm,0x1c0adf1f864339D8a5055472F0693cC3Ac04A5b3,0.01
zkevm,0xbBa5CD9Ba5B62094b9E8CF6A6c2FD3640C16a28A,2.0
zkevm,0xaEA263FF92a7a8A2f183a4Aa44EfDC7e3B47D794,4.103568
zkevm,0x027B40a6aa141ff6EE587985Ec391D77a2fFcE09,0.1
zkevm,0xF69F29a2AF99eB5Bd178B77283B6e5dF974fA557,0.625879
zkevm,0x738514D20Ce5b627224567B1181CEDcF6CBde697,0.001
zkevm,0xA2f17bAac9E5BBEb653D13674302Acaa82E3Eed6,0.5
zkevm,0x3Bdf8F692474b4309Eabd3D4a3C75D22618B09D1,5.46612
zkevm,0xe6ED9Bb7aE5E082Cca6cC4E07C29c69C4a68CE04,5.0
zkevm,0x50AB3fb7c9E2CfDda224c7D2526d3c8a98a3ce3B,0.1
zkevm,0xB1537B31Bc1C3804A811F5Bc0dF556c5DD14d3dD,0.590095
zkevm,0x82cd97CC7637312da003862a690A56e839717384,0.01
zkevm,0x90e06d2d9705c181Bad2A4e7c3DcA13631a6f479,7.0
zkevm,0x5EE58b00e1722C0e01E86286a16DEf6ea9675F6d,31.81712
zkevm,0x55D0065f878788D1d13fA00C1c854c21278f889a,3.34203
zkevm,0xB6519cd3B43d9098570CAFD89219b301173B809c,0.1
zkevm,0xd1dE2a1C85f87f2EFA127FfC7c4e517433d62410,0.05
zkevm,0x56EA0cfAa30D0B41ea944eC58f06FCDCA525a73A,0.099998
zkevm,0x7640B5FF361A45249F12E8793ac17D91a0e76EcE,50.0
zkevm,0x3Ca0f48b56E822A925d9D0309957560888ED505C,19.399049
zkevm,0x7d053283Ff6adc749F0422bfdE8Ce6BEc546306C,1.0
zkevm,0x0f292D44ED7B58CE041A8D466C0005dFFbf81598,0.05
zkevm,0xe15EBB6573496FD6860f7194285375FB94C9A7C2,10.0
zkevm,0x2ee901d6AAb21Aa32e50AD15779201C2D6637092,10.0
zkevm,0xa2e5B6B59223BC966A14E61781cce07d2b22fe03,10.0
zkevm,0xe8AABeE3765CFee5fC31c4736b3427344B8237Ca,1.343758
zkevm,0x1cB4a3f0574fbfb2EfdC92584370b2E5c4E2d822,0.1
zkevm,0xB309c1c7B03DF09b2661c353cF536CFB326B0bb8,1.5
zkevm,0xa8fae26E56Ce7BBf757A98109567b8Dc7F11bA75,5.0
zkevm,0x4d97c143C025259f8CdC5F6c9a56D9c8C4dCFEC4,11.49136
zkevm,0x6f3bDDcB13012D911a7677075c863D2574EbFaCf,5.331699
zkevm,0x9c9477E1765540B5b2FC2A068aDf72DbdF51dB4F,0.999999
zkevm,0x76Db15f36F19dB22462D41E66D1DCa03F0C097b6,7.524314
zkevm,0x71188b259DC6EFA73b9353d57FC2b338de7CF8b9,0.1
zkevm,0x5b8257cdB455DEaFAA3a75956c55495B4e6d1Cb1,0.124025
zkevm,0x10959793B782BC0414f57F4Ecc92371641B1b4a1,0.1
zkevm,0xB2Ba2109F2838E913F5d62d5b8889e557E5D852E,1.8
zkevm,0x97B4FF9F32f0f655603bc75354295bAe630F4D82,1.5
zkevm,0x8b9eA54E89F15Cd9B8a2Ba4c2aE07bEc937e9137,1.0
zkevm,0xD380214fd20Da2Ff6ebE7E813f593c8f9B78063A,1.9
zkevm,0xa08220E694CBa2FB66ECcd658e0c5F88E239AFB0,1.55
zkevm,0xC2eCBaD563eD79af01b0fb8FF36e34543D134EE8,10.0
zkevm,0x534619104A9248B55a0293BF32E64Ef939D8b5d0,72.363334
zkevm,0x288457AC35bBdF035845acB7F2A310BbF7a74c52,1.0
zkevm,0x79923B07D70023D38E0654A09DD463107B0B948d,0.011
zkevm,0x4A04B76F5AC446541A8d10b776B52947FA8bc6E8,0.01
zkevm,0xb7bC7F66a044AdE9bc5faeC4374CA411a8b66e66,0.01
zkevm,0x7596AC61b616D16bF54d0bAAdf3f3B3d4B191EBC,0.01
zkevm,0x7919Ae47266183c4F8bb34e71FAc52fCa0DF899C,0.01
zkevm,0x6E0c6899b7542A248fD398B40101f164e39201BE,0.001
zkevm,0x614Ac1393A471Ee29370881f701228cB728Bd6Ee,4.0
zkevm,0xf2Fc892056888E637cB2d77f0cd03b05676dBd5e,0.009999
zkevm,0xE4138f8235a2B15b479cb844872434200A24C28b,1.0
zkevm,0xE097C9d9af8689AA9Df75401735e5ac487D6dfa5,12.333726
zkevm,0x0C4EDF2aCfc2b49B18285CDd7962A28422b53eec,2.0
zkevm,0x1a62e7aF4C95AE14fE60e275Fbf00d30130FE34F,10.0
zkevm,0x5F1F6C7ae6944Ef82966365946C1eeb2Ea7a9505,0.03
zkevm,0x152bA4A0fd605D5b82a547D5A0618b169e7F4F19,0.5
zkevm,0xe4775ec96b072f77D613b6A9442dBba98237bc5b,0.1
zkevm,0x9211853288Af359d4049268417ef286ceE726C82,5.134468
zkevm,0xe5ea9e80691fF6576e09e6D8939bb844BEd7BAe3,0.1
zkevm,0xed1426A8B06bD1328C3640d94e70E8c04f42F72e,0.01
zkevm,0xcd0b67a61E5e8F4616c19e421e929813B6D947df,0.01
zkevm,0x264b9ca2AC81e7221D39C834c0C21F258ECF4B08,15.0
zkevm,0x35B884c6D8e35a08431462c85288df9e65EDB631,0.02916
zkevm,0x35fc77AB8F5e9be49a181E2D7CDD5C08cf52c8A8,5.0
zkevm,0xda557D7Ed6ca91606Aa4D740642262a9B0625384,0.1
zkevm,0xf4A9Aa53890125DD3FF2167a154D9541dFcb2692,3.0
zkevm,0x05A4DfF7e042A154fA8559dFBD0DeeBc0C5012e3,5.0
zkevm,0xa4349642B800b528eF38B6f9250ab949BfF621de,4.999998
zkevm,0xa585ab2eF8D14c4D1577bde3bfB30633F21adF6d,3.839351
zkevm,0x7E8034B65B68Ee2a00FA536Dda40893749E6d21E,2.0
zkevm,0x06f84deCBC37EC87cBfa5285A5e6c8f56f0E377A,2.944258
zkevm,0x20388E6E4395a150aeffC619F6b7210223a19CA3,2.0
zkevm,0xCFfc7367bdA201bB5eF8DE7Fb03B40139785c70E,5.011
zkevm,0xeF7A834A3e7748a6985898bADe117d4D9AB6C177,0.01
zkevm,0x4A06F2320B17040001174331a4EF89C8214bBf43,5.0
zkevm,0x4E19C754397D423d4f67Ac8683e3dF030f5d7d15,0.0739
zkevm,0x38430336153468dcf36Af5cea7D6bc472425633A,10.0
zkevm,0x00FdDf15962fd7a4381E83dC82645Cf2a45db33D,5.237852
zkevm,0xEfbC53e0AFdc9f649Bc1Ab692461df57E70A560f,0.009998
zkevm,0x940f5293be23c4d06F9F561F2Df79457D3782e1e,0.099998
zkevm,0x595095aCbc628473AD817e58A3A79ae861F8848f,0.009999
zkevm,0xb1565e555eF57C62133d813aB2DB22D490393AEE,1.0
zkevm,0x2e5C65E295409F5f2722bfb3e6e22B04ebAF9197,0.1
zkevm,0x6b214B634c7D1bFbC911601a485D1E39b6edA704,9.387048
zkevm,0x4c710B38199f589DD769D36eD52b6d0170cb83EE,0.009999
zkevm,0x68aC4708267F1B38Cfc18Cd7245b1C0A8571C5c2,0.00807
zkevm,0xD9a0a16E5A634bF5a02962b667f17C65bAE14086,0.1
zkevm,0x73B41FAfc67fbee0Afd35EAEAba76e7468083f07,5.17632
zkevm,0x6359b350acE096b5d9979161be666C93575c796F,0.1
zkevm,0xE7219ff5bD19c0d2a1A21786570E56d12D656467,1.0
zkevm,0x52a6Ee7a0DF6C541cc7BFd66AAfA45748A962DA3,14.75781
zkevm,0xE014c63C33777b1EeDECe48f7E5de886E541bc7c,3.699578
zkevm,0x973fe58c8253782234dC35a47e18FD1452FDE26C,1.01
zkevm,0x1001c19e420B354Ac2576904d7BcA2000Fb07C9E,2.0
zkevm,0x274784D73dcC0cfd696B84637F34ca9e63ddCA5F,0.11
zkevm,0x6F1E8B7d7C4532b0297774b4bC7E8DB56E21102c,0.25
zkevm,0x528c324AC65EC7F023E1cC9dB1f4858C2aC25791,0.1
zkevm,0xcA47059f9C32A521f4D3C1A28d0700Dcdf96542f,1.0
zkevm,0x654D9046070A51Af83fF692d367Faf8C1970C887,2.0
zkevm,0x868B66eB770663c3911eaadCF17840C1Aa24f8c1,0.5
zkevm,0x75441C04D34e79199669aF38fEd65C03a9Cd91d5,0.0001
zkevm,0x61d6d4008a680441D03AB1694A7B41e04ef3089F,1.340183
zkevm,0x77fe724E8AE0a96051253e54e2140bC7fc8f4472,1.999997
zkevm,0x84Ecf15af6fEC307aFeAB934b46947967Bc02d5f,0.5
zkevm,0x11967a9dD377d01570406EAb1916ee1241a3c3F5,0.499998
zkevm,0xDE44FFAAFa977792B17C7a5FD9eDbEEC4024311D,1.0
zkevm,0x443C6247fEaD4E6e59fD68B909f1557EB98D8C6f,0.5
zkevm,0x786192AD115eA114A037585BE5a1d7cADD8C7B61,1.0
zkevm,0xD6A9a6134a3C278f0a2CeCbc86B26780e54d9f8d,0.5
zkevm,0x3B2Ae6DB08362C1c52a22C6E44902BEe097c4E4a,13.454137
zkevm,0xe284043C24eCd663DC9859f10E2DDdfF156485FB,4.858166
zkevm,0xD2defFe956C02635452C2d56bA4fD0A063186e00,2.372266
zkevm,0x2Ca810310d3F2d79f654532F517Ea0ed2e041aa4,0.124663
zkevm,0xE9e71AA6c8639403E39755F6B0A3805d9Cb8d057,0.1
zkevm,0xd0C57a1bc1f291d2c2Fef2bf70D48A7F5a9aD00D,21.0
zkevm,0x2a5a847DFeF231ED9a680d32C3Bb39582423E72F,0.039743
zkevm,0xb3389F3eDacDfD48603F2F06895A2B2A8a96952f,4.686749
zkevm,0x54f6Cd92166abE18bb5bdA826b33f4bca553975E,0.148856
zkevm,0xf99C8873B972b4192e789F55AB954188D0d9A133,0.01
zkevm,0x20897a7D7e7bdC6Fd1245561Ee2214D47EdBeff2,0.1
zkevm,0xF2a7594190D0A719F43bB79F90A45414282E0261,29.056085
zkevm,0xa0cAc57Acf9F2f2FbE34801F707FBd5c54039bC9,0.25
zkevm,0x4a9F8350172611Cd7c5540eCaBCed0518175EdFA,5.0
zkevm,0x1B9A738Aa3764BC9Fe80B1493A00F121e5b63821,0.11
zkevm,0x9402153457C7FA0A7521864d308e944C90233b22,12.216401
zkevm,0x51c47a2f7D38cc175b53c8ccCb64Ad526D057EED,0.498954
zkevm,0x341EE364787E660cE58CED5AaC20A98A1d75c79e,5.1
zkevm,0x1CbD1cd53dD1a91b15adE97F5D78bb54dB598538,1.0
zkevm,0xC7d15f80A49F396e9D5B0c07DB9D727deEaE52fc,502.688937
zkevm,0x8c36993B0A4B853e99DbDf342d04639C471F787f,0.2
zkevm,0x55826f7459236341EE817F0478ee7832Cd6F2E7F,1.2
zkevm,0x24ae47299481Ab53f9c12Ac1e8d7B035D41B3502,0.049999
zkevm,0xCd67Af21e9b66b2872Add04f6928b78B405333c3,0.01
zkevm,0xF851CE56Caec96c0DFF74173aFC15966a0070B8C,0.01
zkevm,0x41F219C81722f3D2244F6f381E725E1f4875E796,1.2
zkevm,0x0f8D3248a3DF3a6FfD486F79e5C283e37a75A6B5,1.412264
zkevm,0x8046679A713773d79fbF5E38669F31923e00267e,29.947449
zkevm,0x5538a75ebe2BABBCB65e47009161E6c4aEFF0A29,20.654912
zkevm,0x42e86399Bf7A083C3fd967D0853A1DaC96854b14,5.0
zkevm,0x3d0e17Aea3981f9DC0522e7bFB844c80ED3dDCFd,0.1
zkevm,0xdEA9ac7505fd31E35034f5E30391fbBC50af481F,2.718238
zkevm,0xD6a02bbcc789BEcA35b72bdf1092AF64ce019193,1.0
zkevm,0xADa29d37eF1ac3Df5D76413eCF752013F7870202,0.000009
zkevm,0x6fe7F3BC9A5F94a0a4bb3513ce23c8A2A17FC367,5.355903
zkevm,0x76a38B1Fb8b7f3D6214731f9442205B4EAEF6062,0.1
zkevm,0xfDFb9873e616FbaC3D0aC68a35c7F1298CB5a0aC,0.1
zkevm,0x69CC2691ad65B6d0A7B22E55e569CD3a53bcb0aF,5.0
zkevm,0x9c29ce1b8A39F2eBd20f72D1aD52Acf916762644,1.940976
zkevm,0x973d6b30fcB1fea724A2CDF0A4A873be236AcC13,1.0
zkevm,0x551170f95Bdc3FcC2549C8Cdc0933e8B8D4665F2,0.1
zkevm,0x0BfbEadc6CC8e736bDb007b5bA27cE730E9d3d30,0.1
zkevm,0xf8999215681aD58be57fa3AdEE6cD84875013069,0.054222
zkevm,0x6D8a435FB3F612F21308BAB4bB946c610e90D1C4,0.5
zkevm,0x4E4a0cd4DEF8A9781D24eF0dB6F7B946e32477E4,10.0
zkevm,0xc0229733799A32FCBDA487554867239B341bF958,9.6509
zkevm,0x727A4841B9c08Ec2F4b2F6D6bc8108b8A77e86EF,201.796019
zkevm,0xD599D2609FaddaF5F79f834a6F5c6f6d2FD8F5A7,0.21
zkevm,0xF35E407c116C2e166523411952616a55764d4d17,0.1
zkevm,0x50E87Ad4142A7EBcfce3B16d32Ea8537401aAd4a,1.0
zkevm,0x5bD660521717b05Fa1643209d9c727fCe4d8116F,0.295582
zkevm,0xC2e73aF231486D915AF24f9Ed4257Ca02D100812,0.5
zkevm,0x506d4b72CF7a0AC435E47Bec2B55CB0a6e0CE079,0.5
zkevm,0xE8d8B73CCC85dEd891ad41893Ebbb0d684350E04,0.5
zkevm,0xb3c072cF3E341e68Dd17d1A8A8BcB2E681067598,0.06
zkevm,0xB92Ba60496b3Dc4848306752D60F83BaDa1E98fF,0.1
zkevm,0xCcE05dbfB9Cb6Abb1fd820ae1e8eEeA1fb404018,1.0
zkevm,0x1Da7Ab132c39d2853ff8E54881039bDA9A3C3873,0.1
zkevm,0xb379DD027643e23df9762A7dd011ABF0c0DF95F4,1.0
zkevm,0x3c70AA4926394a393c623C90D6dc63360afF3D94,0.2
zkevm,0x8AEfea79c86538B17F1B4e4dc321E1e86B8cac40,0.1
zkevm,0xDE38e42B21963602b18f6a39723639C94bdA84C0,1.440321
zkevm,0xaa5EB82A53D79C0F8953A46B23504571Cb68Af52,0.02
zkevm,0xCF9631eC83ca364AC4B21276258aE0D3520E64D9,1.0
zkevm,0x6cAbf068CF43bECCfbeA0eE0D939988c83FE596B,0.029884
zkevm,0x81804eCdb503f281e23F91382Ba99Fa04A76e6D3,0.01
zkevm,0x6bca4082e453961BF52F439C2938bD20df65e6E0,0.01
zkevm,0xA8908DDa1EA14676d207afF66C6F25FD40637b28,0.01
zkevm,0x00e82D0cA814a8Be41cdBB455f8C58CF2ccFea8a,0.01
zkevm,0xa2Bd29A1dE6Cf82055887c21861f10F52E37826C,0.01
zkevm,0xc5c76E83d36ACF727E7093BD3d17C6B9ffFf44Bd,1.1
zkevm,0xF0AD17ba90070C12A34b49cA59772dE5E01c0722,1.1
zkevm,0x08BBA186Abf786eaf7BdFdfafDe604073531FA35,0.01
zkevm,0xE73182A6e0cEBB670BfBCd71768aCE67CA30686e,1.0
zkevm,0x918cEBa1ce6E71217a959fCA88F66f8114792F22,5.0
zkevm,0xA425fE8b53B1386ED496DD3EE143F2d8c3A624D3,0.1
zkevm,0x862B1673677D2A3871c3eF73e1b8623cfcE99689,317.10473
zkevm,0x28C118Cb932bd3037634789b0A780F6b01e77faD,0.05
zkevm,0xE7B28cC28614fdd07F3b9597a59807AE5fC74c38,1.0
zkevm,0x92cAf28870f9BfdDbc8F34af3919a09Fb013b603,4.0
zkevm,0xbb4bde19B83d3392CE0C846d9e3292Dd80eBe076,0.1
zkevm,0x25c8E67261fc3EE0549296767ae48Fbe01850C38,1.848462
zkevm,0x30C1fd89217Ddb02Ee8547c419eDcB6042404Bd1,24.762691
zkevm,0x8b8c9221eB05A3E183fF525B222D954E8cAA574e,0.1
zkevm,0x1DD40ab953273fD215b40afd021c90d4A4A9c1B6,1.0
zkevm,0x5da4023419357D87e1d12c6133861fd903834Ac3,0.2
zkevm,0x66360c2B9ad75e5808d8f5cF8336f3F89600ed0C,5.0
zkevm,0xa46B952BBb5C72aA14D9617E07b0Fc7Fa914478e,0.15
zkevm,0xF4037c903B3b6AB47C2Ae8e733C5934829f705D0,0.1
zkevm,0xd34f2ecfC4b30B1248B21D61507941c60d306cA1,1.0
zkevm,0xAE39563CdECf493B59f6d27892223D2Fb2b7a71A,4.000215
zkevm,0x984886312107a9ae23B8290D6C1D519A737283A2,0.01
zkevm,0x0136B00bE94eD8Ea798F40e37135596337305461,9.918464
zkevm,0xfaA45507F56E22A9349111d62fa059ff8B729Ab7,0.1
zkevm,0x6234957098461E5dD62AF9d984185e2d69113499,0.1
zkevm,0xa1B6aCBfC6fa1f9319EdF219024D05849Eb78E10,11.696394
zkevm,0x23b4c21e96BB213C1563F6f189131A570BA94718,0.1
zkevm,0x24749AedF18208aB74A8110E07E820286Bb5acf8,0.099998
zkevm,0x470e2C101884d0686327547a7B1b96A5c741f34e,20.0
zkevm,0x233d428Aa827C7682F3d3CA6a9c23E686EC17502,0.1
zkevm,0xf091528F78AF9616482E57Cb0ac76b305271028a,0.001
zkevm,0xAf1c383ce06debbf9f3C91349FD03CF651221121,0.1
zkevm,0x4316c8275A46878837a0AaE31E5741E6C0665d72,1.51569
zkevm,0x47ACAeE373848a266A220125203460E3921677Ed,0.1
zkevm,0xCc4f1cb6064A69aC83A5133FFCf09217ae33c2CF,4.985436
zkevm,0x017d4046663DDFF007ac24F10c78423F8DE638Eb,0.01
zkevm,0xaaC18004b8da51E8f9634649Ea8a0af107691af5,0.05
zkevm,0x5d280E9b02E871db5ce85b9bE186b30253BA3685,0.029997
zkevm,0x78bB65eD1476Ae1B7168193699ae94B766a121Ee,1.0
zkevm,0xb3De3b6Ac5F8e7b41B834C1509fdd0E56887C9B0,0.01
zkevm,0xFe76cA309a550827B6fbD272DCe74879b21d9292,3.242569
zkevm,0xD29f97E32CDd04C3aF3C0e01fA313c3b9fdf5CEB,1.818756
zkevm,0x3291e446FdeC4B2F53bc4FC6C7f847A28E7C9055,3.735988
zkevm,0x571C9B09aFe7248421563e7958459413B3af98fc,0.1
zkevm,0x951e90C02409f4b153C22b1fe3cB8A826b7379CF,0.000498
zkevm,0xcC5718D37e4d39535F386Ddc9DB18d887d029aaD,14.263413
zkevm,0x90e9Ecc016A6971Cd28ceE85C53e72517A451a38,2870.252772
zkevm,0x44a172579f05CDC36820A66c8AE555CdC91C1E73,20.0
zkevm,0xbEc6606A5C665a176Db1300E24d7f0AFEE98E3C4,1.0
zkevm,0x46331769A8a01947E07C310704893076a3409d36,7.5
zkevm,0xE58564b8Ce8344AFDFE3a111bC0B541ee7F5f7Fa,3.0
zkevm,0x057Ab78cA022689c6A4937fA8fc43665346BDB1C,1.0
zkevm,0x18C449e8be17bD57E4d20DBc936cA1cd2554e56d,1.0
zkevm,0x828AE2080d961CfFF81e418089f1D01C08E6713F,3.005562
zkevm,0x6648D39dd323adc816CADcAdA011d2c497C5257b,0.481609
zkevm,0x98a274bB5B21CF554a0A80A5BBd41Fe74CaeDfA2,2.0
zkevm,0x725b629153C9ec6A3BF5FA96608C345711eece5E,1.0
zkevm,0x8164BCd381c18403e069c06Fe39FF9f63Bc9F8cc,2.480483
zkevm,0xB8f974A14720fEa32d04553ebeD347614b2529d7,0.5
zkevm,0x43bEAAf55b402A7b59b8d2696eC040Fd09f6c001,1.0
zkevm,0x6aA5d01e66d277aBbdfa2f631b90D66be9Ad113c,0.002354
zkevm,0x35eaA1dB8103f5105F2A2A756aC68Df87b1F5dA2,1.20949
zkevm,0x4EA642D60ffE923A9f3924C8832b3C1Ba5089e51,5.0
zkevm,0xb760bd106F186417a980757005DF91644eC8B7a1,0.67808
zkevm,0x3c8ab3bFB68149717F573174c8eC71577228009A,1.0
zkevm,0x39c31A899662Da8BBA43862c82C8bA531Dc61390,20.0
zkevm,0x90e9Ecc016A6971Cd28ceE85C53e72517A451a38,2200.2433
zkevm,0xf974995A14214106EeCB67af9dB2d03E3C93e304,1.0
zkevm,0x12135a10B522fB2291fb00B7146C6fA8ABbaadB4,15.608647
zkevm,0x5B81f894e5B0D3B7361DEFa454F50736C2aDD7eF,5.0
zkevm,0xc1BcbE74305A789873e983aC10a7E8452796B126,1.0
zkevm,0x1547352f49cb52EA655f469F75e574BF1115F1d5,0.001
zkevm,0xa8337b477b76AB4A2658b7AA247d1542eD150ee1,0.001
zkevm,0xc1550345956Bfd866051982b3e42D72cf2c6AEA6,0.2
zkevm,0xadA608E34e9AD3B7a06eac3C960412D592441Ed3,1.0
zkevm,0xE6C55b0Af75151960005eabAE3fe19528C1B131B,10.0
zkevm,0xE75c50ABa1e857539212f816d4D95F89FB32fF57,1.2
zkevm,0x886E86E2A147BeaCDfAB6BEAd9CFcCb667f5e7f8,0.25
zkevm,0x5E2D0735a33FfA5164BD6bbe33fB8fd1D8274FC3,16.0
zkevm,0x474d7D70207Fc6e133551927dd3cb212B086018f,0.01
zkevm,0x9DF22b0C912a1aA0E7388BD74c698D17d471c100,0.099998
zkevm,0x97088B1BB96D20aa68d7D58a4f3dc905476cE03e,0.01
zkevm,0x3D6cc70dBb3B2B22dF9671eE89E43673b1308840,0.01
zkevm,0x3D6cc70dBb3B2B22dF9671eE89E43673b1308840,0.01
zkevm,0x22b2eEb5a1706301eBE2b10E38c2aFa2154099a7,0.1
zkevm,0xDbd300Eba0F755Bb06DA769A4E1A84E4330068AF,0.999998
zkevm,0x3778d62bf4309947F518C961377aF6feF45Ae48a,1.0
zkevm,0xBfE734E85F32F4d6BeBf9139765736b65f9be3f3,4.98113
zkevm,0x9a1881269998763bfEEc6E28F72cD023E59a4179,0.1
zkevm,0x7D0C256e840E630a7094dF7AEDC8fffC555cDa18,4.731677
zkevm,0x3A0Eb6B4CFa5E093C9DC4620Cb12276B3E7d6B3e,6.193532
zkevm,0xA3E720C5D0B69Eaff253652319F3D04A888F6405,3.711684
zkevm,0x1233E1Eb4C92dA071f263f1F3136aBE170336395,10.884617
zkevm,0xec48ec785B6Bb8f298fe4F4a7868ac4F679E4c39,9.914151
zkevm,0xD563E6A26A1d097dA7D980Bbe076C567f7feA62b,1.0
zkevm,0x80C80A355ac47DC50037d05E6378fAFDa531f519,0.05143
zkevm,0xd6896C0A04eF9C169656383a8eB6f687a25Ed0Ae,10.0
zkevm,0x404F583833d0a05156FF6003da652B6031eBCB55,5.0
zkevm,0xB04E8E968AB545866758897EE07DAc7D2099CDf3,2.0
zkevm,0x3BD0F461df3136C1c931F2CE11FE8AD3E0F799e3,0.1
zkevm,0x8D106c747CD21272D4C9Ff0Af8d53A9C9AcA25d2,2.363771
zkevm,0xBE5E8124edEf0E529f767Cc9E1B29DFA4Fcfa440,0.1
zkevm,0x8E0a55cD81E7562972c8C002b23f12C7D850D6a8,2.0
zkevm,0x94F98fE46b3c96C77EAcF297E86c8d47e5442eE7,1.0
zkevm,0x626488Ec188AE94e78123D8d5f72279b1f99d3E7,4.845896
zkevm,0x14d1B3dD3D492e0B53Da7dd19D6c6ce066E56145,1.1
zkevm,0x1e18265406BB3441d35223AC95fD1839E67ff711,1.1
zkevm,0x36efdf3059fBEE957bFe5b81Bd73D1d18e2FCDAF,1.0
zkevm,0xCe7c9eB669a62Dbcde66CDDF8f073bb64268B533,5.0
zkevm,0xc9BdE66d35d15e606dB3fA0Dc9bFd83532419722,0.014616
zkevm,0xb5F24DD6b07c9C22D45a252Ea43F929b782C8C4A,0.06986
zkevm,0x995A014a6D43Ad9F49DddE79803936Cd1111aB8D,5.0
zkevm,0x09f52E6ae1649551a7AAd0E089E04AC0D622d486,1.0
zkevm,0x21F8dDE1E270850dBa37D489C97717fc0dA7Bb78,8.243543
zkevm,0x960aC523572DF11Cc1bFf9b90d4d5bB4f234E4d2,4.938249
zkevm,0xC7d15f80A49F396e9D5B0c07DB9D727deEaE52fc,88.548215
zkevm,0xd5c02a39Fa5f8e20AB787Ce429C4D795ba5E5934,0.5
zkevm,0x0C4EDF2aCfc2b49B18285CDd7962A28422b53eec,0.5
zkevm,0x7Decc05384062a182A00Dcf049e553bC0Ecb4630,1.0
zkevm,0x181142De6a3666Ddd27bdaC934011D6d8Dc8CE71,0.299999
zkevm,0xaa155507F6aFBE966ACb85Fa077aCF7e1C761a7f,0.01
zkevm,0x024899F1b2E7c3CFc5E3db7F54Ecc284fd775d29,2.763506
zkevm,0x93cAFc0A320db75A0d2f44093486af22f8a2D9CB,1.0
zkevm,0x36d9b6A89196042B5450b4687Aa7C5c315C22Aa9,0.2
zkevm,0xf60FD90FC72E1eb4D2054a24F5DCf7658f166EdA,2.0
zkevm,0x14bD24D3bACeac0B11b1f982FEf54825fCcAd9Bc,0.11
zkevm,0x03d6C99f3Aae91937612BA0e2843C2405e01850d,2.932049
zkevm,0x85E66244B3e5817C338450e98264b8A40bD6D3af,0.693924
zkevm,0x7a6Beb3F40139Fe3f307F12E5644613BBB9eaF89,3.587641
zkevm,0x65d4eF0a2F0b8E7A1AB3817612bB1653b38eaecF,0.1
zkevm,0xFee285cf79719FC3552c5F7c540554f09DAdAD21,0.1
zkevm,0x48a0096B26fe285138b294aFe0Eb1DD705071dcA,1.0
zkevm,0xf5e7CB4F7726A2DDd6f09bdbe0C62e0152394b02,1.9
zkevm,0xE9eC14fFC9AD78FF2a484dDa58f8595756600bE2,9.984297
zkevm,0xB2F9BbC5db84a95B598cAB0C464cF92D584d8900,0.01
zkevm,0x4892Db7037c4A4d1298Fb58cce082008263a8416,5.0
zkevm,0xfB1108B2B93E1CF84823a065f3d9507d8A34224A,5.0
zkevm,0x35e4535B8fB48eb815429104D74b3792d0E730DB,15.486643
zkevm,0xDC19298D0b17B036f219B9A9F1346696917Db7db,0.1
zkevm,0x03Dc142e5D268234de25C0035c1236462C0E689A,0.1
zkevm,0x5aDa127c06914bD926B97237Ee0043445E12Ba3f,0.1
zkevm,0x40D4c1aAC4E94363A707A6DEda79bc1173A90246,0.1
zkevm,0xbcC0439c8F6f4D1B6C329983CA665BA2d65e6219,0.1
zkevm,0xB39Ec3b440eD1d5F6fB01c175bf4B4cF9279B9aA,0.1
zkevm,0x8229BE499978212fDb2ADaC5c5fdBa9E59A353ec,0.1
zkevm,0xAcd60aCD2A07e43eBfF9228Ebc39b83A73Db6477,0.5
zkevm,0x6e785827e3aC54304A1E24698D82657E467ad7D6,0.291784
zkevm,0x85532659390F6C2e7500F9A28ba9Ca26CcF9519d,0.09
zkevm,0x84eFba71f0376A72Dc8dC5837568f78E72Bc5439,1.375
zkevm,0xDB25EA15F345c40c71a3a339E5bE47c2BbF8774f,3.813128
zkevm,0x0fd65dc420fE57ea531DF5aB4Cbb0f0C1f126306,0.5
zkevm,0x1B4983D160b43ABd7861EBd968201099cc559183,1.677141
zkevm,0x15551B41E61f017C89BfdC2d073881B6e3F9aF97,0.1
zkevm,0x3aD34BBC50351b1fDE3e32aA10d26de592A2A1c1,1.0
zkevm,0x04bACD53FD895DDDb93EDa6C46094c49Da536415,0.027
zkevm,0x90e9Ecc016A6971Cd28ceE85C53e72517A451a38,137.138056
zkevm,0x90e9Ecc016A6971Cd28ceE85C53e72517A451a38,15.0
zkevm,0x28ECb498b2f34Dd717AEE529de358005E88669e5,0.025
zkevm,0x5161716F02ebDdE4eB8BDcb80994a69b5951a63C,1.810141
zkevm,0x9a74eC99Bd88ECA680485dA7F32FCa05Af375dcF,0.465971
zkevm,0x121E1573B7C6c15Aa4C036d54BFd2974Cf38a163,0.099999
zkevm,0xc0e2303C29e566a7B9B15c2c98650AB4A25423de,10.193772
zkevm,0x50b5D4768efB012150ab4C24C39924b14aCBB9ce,4.729594
zkevm,0x90e9Ecc016A6971Cd28ceE85C53e72517A451a38,56.57
zkevm,0x820C74a9F2fb6c039F9FD879C3B14b91D752A036,60.304185
zkevm,0x90e9Ecc016A6971Cd28ceE85C53e72517A451a38,10.0
zkevm,0xAaF79B2956080cdfb589216db4f3cfb5c3A33A59,1.050652
zkevm,0x34cfBeB2417B08934AEE7A71c2349983c48f92c4,8.361346
zkevm,0xc5c76E83d36ACF727E7093BD3d17C6B9ffFf44Bd,1.099999
zkevm,0xc16b6617F39e96a6D284a878907Ceb8B1ae1e7a4,5.0
